kind,trade_id,symbol,exec_date,exec_price,shares,buy_date,buy_price,buy_fee,sell_fee,gross_pnl,net_pnl,net_return_pct,hold_days,exit_reason,sig_buy_sig_date,sig_buy_sig_w_close,sig_buy_mtf_score,sig_buy_emasma_score,sig_buy_early_score,sig_buy_near_score,sig_buy_gap_w,sig_buy_atr_dist,sig_buy_freshness_days,sig_sell_sig_date,sig_sell_sig_w_close,sig_sell_mtf_score,sig_sell_emasma_score,sig_sell_early_score,sig_sell_near_score,sig_sell_gap_w,sig_sell_atr_dist,sig_sell_freshness_days
SELL,1,TSLA,2023-07-18,290.24,358.24,2023-07-05,279.0,49.98,51.99,4026.66,3974.67,3.98,9,rotation (out of top-N),2023-07-03,274.44,5.5,5,2.3,2.8,44.1,2.6,28,2023-07-17,259.84,4.7,5,2.6,2.6,34.43,2.59,42
SELL,2,HOOD,2023-07-25,12.77,0.73,2023-07-11,11.46,0.0,0.0,0.95,0.94,11.33,10,rotation (out of top-N),2023-07-10,12.38,5.4,5,3.5,2.9,28.12,3.21,7,2023-07-24,12.71,4.6,5,3.2,3.2,29.72,2.21,21
SELL,3,APP,2023-10-10,41.7,0.31,2023-07-11,27.24,0.0,0.01,4.42,4.42,53.01,64,rotation (out of top-N),2023-07-10,28.15,5.4,5,-0.0,2.5,68.84,2.25,63,2023-10-09,38.53,4.3,5,-0.8,1.6,56.9,2.16,154
SELL,4,COIN,2023-08-15,81.05,0.1,2023-07-11,80.89,0.0,0.0,0.02,0.01,0.15,25,rotation (out of top-N),2023-07-10,105.42,5.8,5,-1.0,0.2,79.38,4.17,119,2023-08-14,73.2,2.7,3.71,1.1,2.4,18.56,2.59,154
SELL,5,PLTR,2023-08-22,14.8,0.5,2023-07-11,16.5,0.0,0.0,-0.86,-0.86,-10.32,30,rotation (out of top-N),2023-07-10,16.4,5.6,5,-0.5,1.4,75.75,3.19,91,2023-08-21,14.52,4.0,5,0.1,0.9,37.69,3.1,133
SELL,6,SMCI,2023-08-22,25.85,0.3,2023-07-11,27.49,0.0,0.0,-0.5,-0.5,-6.01,30,rotation (out of top-N),2023-07-10,29.51,5.5,5,-1,0.5,139.17,3.75,448,2023-08-21,25.39,5.3,5,-1,0.7,63.04,3.43,490
SELL,7,CVNA,2023-10-03,7.79,1.2,2023-07-11,6.92,0.0,0.0,1.05,1.04,12.49,59,rotation (out of top-N),2023-07-10,7.54,7.4,5,1.4,1.4,219.35,9.01,35,2023-10-02,7.53,6.0,5,-1.0,0.0,68.97,4.84,119
SELL,8,NVDA,2023-07-25,44.91,2225.69,2023-07-18,46.67,51.94,49.98,-3917.21,-3967.18,-3.82,5,rotation (out of top-N),2023-07-17,44.3,5.0,5,-1,1.0,72.8,2.94,182,2023-07-24,46.71,4.6,5,-1,1.4,76.31,2.33,189
SELL,9,CCL,2023-08-01,18.02,2853.14,2023-07-25,17.51,24.98,25.71,1455.1,1429.39,2.86,5,rotation (out of top-N),2023-07-24,18.29,4.7,5,-1,1.3,62.96,2.53,175,2023-07-31,17.0,3.6,5,-0.4,1.8,48.77,1.73,182
SELL,10,TSLA,2023-08-01,266.25,183.33,2023-07-25,272.51,24.98,24.41,-1147.63,-1172.03,-2.35,5,rotation (out of top-N),2023-07-24,266.54,4.9,5,2.3,2.3,36.98,2.83,49,2023-07-31,253.76,4.0,5,2.6,2.6,29.99,2.14,56
SELL,11,LYV,2023-08-08,88.89,573.14,2023-08-01,87.39,25.04,25.47,862.58,837.11,1.67,5,rotation (out of top-N),2023-07-31,87.73,4.5,2.83,2.1,2.4,14.13,6.95,70,2023-08-07,86.61,2.7,2.42,2.1,4.1,12.09,2.12,77
SELL,12,DLR,2023-08-08,110.22,440.64,2023-08-01,113.67,25.04,24.28,-1520.19,-1544.48,-3.08,5,rotation (out of top-N),2023-07-31,110.02,4.6,3.19,3.5,3.2,15.94,3.72,42,2023-08-07,110.33,3.0,3.1,3.4,4.6,15.52,1.51,49
SELL,13,WBD,2023-08-15,13.36,3480.3,2023-08-08,14.29,24.87,23.25,-3236.68,-3259.93,-6.55,5,rotation (out of top-N),2023-08-07,13.71,4.5,1.19,4.6,4.9,5.94,3.54,7,2023-08-14,12.78,3.2,-0.29,4.8,6.4,-1.46,2.25,14
SELL,14,VRT,2023-10-31,37.83,1404.11,2023-08-08,35.42,24.87,26.56,3383.9,3357.34,6.75,59,rotation (out of top-N),2023-08-07,33.4,5.3,5,-1,0.7,90.95,3.48,280,2023-10-30,40.28,5.0,5,-1,1.0,63.66,3.02,364
SELL,15,APA,2023-09-12,39.12,586.49,2023-08-15,39.65,11.63,11.47,-310.84,-322.31,-1.39,19,rotation (out of top-N),2023-08-14,39.75,3.8,2.7,4.3,5.6,13.5,1.63,0,2023-09-11,38.12,3.1,1.82,4.1,5.5,9.12,1.71,28
SELL,16,MPC,2023-09-12,146.0,169.68,2023-08-15,137.05,11.63,12.39,1518.61,1506.22,6.48,19,rotation (out of top-N),2023-08-14,136.68,3.5,3.98,3.7,4.8,19.91,1.28,21,2023-09-11,145.31,3.6,4.8,3.0,3.6,23.99,1.84,49
SELL,17,REGN,2023-08-29,825.91,0.02,2023-08-22,834.16,0.01,0.01,-0.19,-0.2,-1.04,5,rotation (out of top-N),2023-08-21,823.49,3.5,1.83,4.3,5.6,9.13,1.94,14,2023-08-28,824.92,2.5,1.79,4.2,6.4,8.97,0.56,21
SELL,18,NVDA,2023-09-12,44.7,0.4,2023-08-22,48.08,0.01,0.01,-1.35,-1.36,-7.08,14,rotation (out of top-N),2023-08-21,45.97,4.5,5,-0.8,1.3,56.53,2.49,217,2023-09-11,43.85,3.5,5,0.1,1.5,38.94,2.31,238
SELL,19,DELL,2023-10-03,65.64,0.35,2023-08-29,54.57,0.01,0.01,3.87,3.86,20.23,24,rotation (out of top-N),2023-08-28,65.07,3.6,5,-0.5,1.9,49.89,1.59,140,2023-10-02,63.38,2.8,5,0.2,2.0,35.21,1.49,175
SELL,20,SW,2023-09-19,34.63,475.2,2023-09-12,33.45,7.95,8.23,560.74,552.51,3.48,5,rotation (out of top-N),2023-09-11,33.86,3.9,3.32,3.9,4.8,16.58,1.95,14,2023-09-18,32.67,3.1,2.48,4.0,5.6,12.38,1.27,21
SELL,21,VLO,2023-09-26,133.99,119.61,2023-09-12,132.89,7.95,8.01,131.58,123.56,0.78,10,rotation (out of top-N),2023-09-11,132.79,3.7,3.01,3.8,4.6,15.04,2.17,28,2023-09-25,130.95,3.1,2.47,3.7,4.9,12.34,1.77,42
SELL,22,TSLA,2023-09-19,264.2,58.71,2023-09-12,270.75,7.95,7.76,-384.26,-392.01,-2.47,5,rotation (out of top-N),2023-09-11,274.44,4.0,5,0.6,1.5,34.98,2.82,98,2023-09-18,244.85,2.9,3.81,1.3,2.6,19.04,2.55,105
SELL,23,PGR,2023-09-26,130.45,123.99,2023-09-19,128.88,7.99,8.09,194.66,186.57,1.17,5,rotation (out of top-N),2023-09-18,131.06,3.3,1.39,4.7,6.3,6.95,1.47,0,2023-09-25,127.32,2.7,0.74,4.7,6.9,3.71,0.99,7
SELL,24,CF,2023-09-26,80.38,208.69,2023-09-19,76.57,7.99,8.39,795.12,786.73,4.92,5,rotation (out of top-N),2023-09-18,79.04,3.3,1.99,4.3,5.7,9.97,1.62,14,2023-09-25,80.4,3.1,2.4,4.1,5.6,12.0,1.33,21
SELL,25,SW,2023-10-10,34.26,490.36,2023-09-26,33.27,8.16,8.4,485.46,477.06,2.92,10,rotation (out of top-N),2023-09-25,33.18,3.2,2.8,3.8,5.2,14.02,1.4,28,2023-10-09,34.24,3.0,3.48,3.4,4.8,17.38,1.22,42
SELL,26,WSM,2023-10-03,73.7,218.31,2023-09-26,74.73,8.16,8.04,-224.86,-232.91,-1.43,5,rotation (out of top-N),2023-09-25,74.39,3.5,4.67,1.3,2.3,23.37,2.81,91,2023-10-02,74.4,2.6,4.47,1.2,3.1,22.34,1.6,98
SELL,27,TPL,2023-10-03,189.99,81.32,2023-09-26,200.61,8.16,7.73,-863.66,-871.38,-5.34,5,rotation (out of top-N),2023-09-25,198.5,3.5,1.0,4.7,6.3,5.01,1.82,0,2023-10-02,193.66,3.6,0.64,4.7,6.0,3.22,2.33,7
SELL,28,JBL,2023-10-10,133.49,61.95,2023-10-03,127.39,3.95,4.13,377.87,373.74,4.74,5,rotation (out of top-N),2023-10-02,129.24,3.1,5,0.1,1.8,38.17,1.79,357,2023-10-09,135.14,3.1,5,-0.1,2.0,41.91,1.47,364
SELL,29,META,2023-10-10,316.75,26.14,2023-10-03,301.9,3.95,4.14,388.16,384.02,4.87,5,rotation (out of top-N),2023-10-02,312.95,3.0,5,0.5,1.5,29.95,2.21,231,2023-10-09,312.24,2.7,5,0.6,1.9,27.24,2.01,238
SELL,30,CF,2023-10-17,79.26,101.58,2023-10-03,77.69,3.95,4.03,159.47,155.45,1.97,10,rotation (out of top-N),2023-10-02,75.93,3.2,1.17,4.2,5.6,5.87,2.08,28,2023-10-16,77.84,2.7,1.72,3.9,5.5,8.58,1.43,42
SELL,31,HAL,2023-10-10,38.87,212.53,2023-10-03,37.13,3.95,4.13,369.81,365.68,4.63,5,rotation (out of top-N),2023-10-02,36.46,3.1,1.65,2.5,4.4,8.26,2.55,63,2023-10-09,39.98,3.4,3.7,1.9,3.3,18.48,2.47,70
SELL,32,SMCI,2023-10-31,23.48,282.01,2023-10-10,29.5,4.16,3.31,-1697.71,-1701.02,-20.45,15,rotation (out of top-N),2023-10-09,28.51,4.7,5,-0.6,0.9,51.41,3.18,539,2023-10-30,25.48,3.6,5,0.7,1.1,26.61,3.37,560
SELL,33,GD,2023-10-17,230.22,36.51,2023-10-10,227.88,4.16,4.2,85.43,81.23,0.98,5,rotation (out of top-N),2023-10-09,231.39,4.2,2.12,4.5,5.3,10.58,2.46,0,2023-10-16,223.67,3.0,1.38,4.5,6.4,6.89,1.14,7
SELL,34,PLTR,2023-12-05,18.27,460.4,2023-10-10,18.07,4.16,4.2,89.78,85.57,1.03,39,rotation (out of top-N),2023-10-09,17.39,5.2,5,-0.2,0.0,43.81,4.56,182,2023-12-04,17.77,4.0,5,0.7,0.7,25.1,4.16,238
SELL,35,CRWD,2023-10-17,185.47,45.82,2023-10-10,181.57,4.16,4.25,178.69,174.44,2.1,5,rotation (out of top-N),2023-10-09,185.69,3.6,5,0.4,1.0,32.51,2.94,140,2023-10-16,178.76,2.5,5,0.7,2.3,25.79,1.74,147
SELL,36,AMGN,2023-10-17,262.48,33.6,2023-10-10,247.63,4.16,4.41,498.9,494.49,5.94,5,rotation (out of top-N),2023-10-09,261.23,3.1,3.6,3.3,4.4,18.02,1.46,49,2023-10-16,256.37,2.8,3.13,3.3,4.5,15.65,1.45,56
SELL,37,CNC,2023-10-24,72.31,118.34,2023-10-17,71.32,4.22,4.28,117.15,112.87,1.34,5,rotation (out of top-N),2023-10-16,71.87,3.4,1.27,4.6,6.1,6.34,1.79,7,2023-10-23,67.5,2.5,0.04,4.8,7.0,0.2,1.12,14
SELL,38,PGR,2023-10-24,141.18,58.4,2023-10-17,144.52,4.22,4.12,-195.05,-199.17,-2.36,5,rotation (out of top-N),2023-10-16,141.62,3.9,2.83,3.8,4.5,14.17,2.48,28,2023-10-23,140.09,2.7,2.48,3.8,5.5,12.4,1.05,35
SELL,39,HUM,2023-10-24,503.58,16.6,2023-10-17,508.34,4.22,4.18,-79.03,-83.21,-0.99,5,rotation (out of top-N),2023-10-16,504.46,3.8,1.37,4.7,5.9,6.84,2.15,0,2023-10-23,493.61,2.7,0.89,4.7,6.9,4.46,0.87,7
SELL,40,ALL,2023-11-07,123.22,71.4,2023-10-17,118.21,4.22,4.4,357.69,353.3,4.19,15,rotation (out of top-N),2023-10-16,116.34,4.0,1.7,4.6,5.6,8.51,2.39,0,2023-11-06,123.03,3.2,2.9,3.9,5.3,14.51,1.29,21
SELL,41,GD,2023-11-07,231.7,37.37,2023-10-24,224.37,4.19,4.33,273.92,269.59,3.22,10,rotation (out of top-N),2023-10-23,226.88,2.9,1.66,4.4,6.2,8.3,1.03,14,2023-11-06,231.9,2.4,2.05,4.0,6.1,10.24,0.55,28
SELL,42,GL,2023-10-31,112.69,76.59,2023-10-24,109.47,4.19,4.32,246.63,242.31,2.89,5,rotation (out of top-N),2023-10-23,109.67,2.9,0.18,5.0,7.1,0.89,1.21,0,2023-10-30,114.66,2.7,1.1,4.6,6.8,5.52,0.86,7
SELL,43,TPL,2023-11-07,183.72,41.77,2023-10-24,200.73,4.19,3.84,-710.52,-714.36,-8.52,10,rotation (out of top-N),2023-10-23,195.56,3.2,1.17,4.2,5.6,5.87,2.07,28,2023-11-06,176.38,2.7,-0.57,4.4,6.1,-2.86,2.27,42
SELL,44,AOS,2023-11-07,67.31,340.79,2023-10-31,66.82,11.39,11.47,166.99,155.52,0.68,5,rotation (out of top-N),2023-10-30,68.3,3.3,0.96,4.8,6.5,4.81,1.53,0,2023-11-06,69.43,3.1,1.27,4.6,6.3,6.37,1.36,7
SELL,45,DECK,2023-11-07,102.49,231.96,2023-10-31,98.17,11.39,11.89,1002.07,990.18,4.35,5,rotation (out of top-N),2023-10-30,99.47,3.8,4.29,0.9,1.1,21.45,4.12,434,2023-11-06,105.43,2.3,5,0.6,2.3,27.31,1.39,441
SELL,46,TMUS,2023-11-07,141.23,168.01,2023-10-31,135.54,11.39,11.86,955.95,944.09,4.15,5,rotation (out of top-N),2023-10-30,141.04,3.3,1.02,4.7,6.5,5.08,1.54,0,2023-11-06,141.24,2.8,1.04,4.6,6.7,5.18,0.95,7
SELL,47,GDDY,2023-11-14,89.16,184.22,2023-11-07,86.41,7.96,8.21,506.59,498.38,3.13,5,rotation (out of top-N),2023-11-06,87.6,5.0,3.42,4.0,3.9,17.1,3.35,7,2023-11-13,91.96,3.4,4.49,3.6,5.0,22.47,0.74,14
SELL,48,COIN,2024-01-23,122.59,185.31,2023-11-07,85.9,7.96,11.36,6799.92,6788.56,42.65,51,rotation (out of top-N),2023-11-06,92.92,4.5,5,0.5,0.0,30.48,5.09,238,2024-01-22,125.16,4.8,5,0.2,0.0,36.19,5.01,315
SELL,49,DHI,2023-11-14,124.56,137.52,2023-11-07,115.75,7.96,8.56,1211.56,1203.0,7.56,5,rotation (out of top-N),2023-11-06,119.28,3.9,2.39,4.3,5.2,11.96,2.17,7,2023-11-13,124.46,3.4,3.21,4.0,5.3,16.03,1.27,14
SELL,50,EXPE,2023-12-12,144.49,143.96,2023-11-07,110.57,7.96,10.4,4883.24,4872.84,30.61,24,rotation (out of top-N),2023-11-06,117.26,5.7,2.97,4.3,3.5,14.83,4.83,0,2023-12-11,144.21,4.1,5,2.6,3.5,35.43,1.44,35
SELL,51,VRT,2023-12-19,47.85,399.35,2023-11-07,39.86,7.96,9.55,3190.8,3181.24,19.99,29,rotation (out of top-N),2023-11-06,41.7,5.1,5,-1,0.9,64.88,3.08,371,2023-12-18,48.62,4.4,5,-1,1.6,62.65,2.14,413
SELL,52,IT,2023-11-14,417.28,40.08,2023-11-07,397.11,7.96,8.36,808.51,800.15,5.03,5,rotation (out of top-N),2023-11-06,411.76,4.1,4.27,0.9,0.9,21.34,4.49,168,2023-11-13,417.77,1.7,4.49,0.9,3.2,22.47,0.9,175
SELL,53,QCOM,2023-11-21,120.03,139.0,2023-11-14,120.57,8.38,8.34,-75.06,-83.4,-0.5,5,rotation (out of top-N),2023-11-13,122.6,3.5,2.35,4.4,5.9,11.76,1.42,0,2023-11-20,121.13,3.0,2.07,4.4,6.3,10.36,0.89,7
SELL,54,APP,2023-11-21,39.02,393.0,2023-11-14,42.65,8.38,7.67,-1424.62,-1432.29,-8.55,5,rotation (out of top-N),2023-11-13,39.13,4.9,5,-0.0,0.1,40.33,4.37,189,2023-11-20,39.52,3.2,5,0.1,1.7,38.68,1.88,196
SELL,55,GEN,2023-12-05,21.23,916.82,2023-11-14,18.28,8.38,9.73,2704.61,2694.88,16.08,14,rotation (out of top-N),2023-11-13,19.7,3.7,2.83,4.3,5.6,14.14,1.45,0,2023-12-04,21.11,3.7,4.24,3.6,4.5,21.22,1.55,21
SELL,56,KEY,2023-12-12,11.65,1514.3,2023-11-21,10.57,8.0,8.82,1635.44,1626.62,10.16,14,rotation (out of top-N),2023-11-20,10.63,3.4,1.64,4.6,6.2,8.18,1.52,0,2023-12-11,12.85,4.3,5,3.0,3.7,33.34,1.44,21
SELL,57,GDDY,2023-12-05,102.67,171.74,2023-11-21,93.2,8.0,8.82,1627.24,1618.42,10.11,9,rotation (out of top-N),2023-11-20,94.72,3.5,5,3.4,4.6,25.44,0.8,21,2023-12-04,104.33,4.0,5,2.6,3.6,35.71,1.26,35
SELL,58,FITB,2023-12-19,32.16,543.33,2023-12-05,27.9,7.58,8.74,2314.6,2305.87,15.21,10,rotation (out of top-N),2023-12-04,28.51,4.3,4.06,3.9,4.5,20.29,2.05,7,2023-12-18,31.47,4.2,5,3.1,3.6,30.73,1.51,21
SELL,59,BXP,2023-12-12,55.26,275.52,2023-12-05,55.02,7.58,7.61,66.12,58.51,0.39,5,rotation (out of top-N),2023-12-04,56.04,4.7,2.89,4.2,4.3,14.45,3.17,7,2023-12-11,62.49,4.3,5,3.4,3.9,26.67,1.73,14
SELL,60,CVNA,2024-01-30,8.86,1962.08,2023-12-05,7.73,7.58,8.69,2230.88,2222.19,14.66,37,rotation (out of top-N),2023-12-04,8.04,5.3,5,-0.3,0.0,45.65,8.13,182,2024-01-29,8.69,3.7,4.53,0.9,1.1,22.64,3.93,238
SELL,61,HOOD,2024-01-09,12.24,1513.89,2023-12-12,11.81,8.94,9.27,658.54,649.27,3.63,18,rotation (out of top-N),2023-12-11,11.67,5.3,3.53,4.1,3.8,17.63,3.64,0,2024-01-08,11.03,3.8,1.62,4.1,4.8,8.1,2.86,28
SELL,62,NCLH,2024-01-09,17.42,970.9,2023-12-12,18.41,8.94,8.46,-966.04,-974.5,-5.45,18,rotation (out of top-N),2023-12-11,20.35,4.5,5,3.7,4.2,25.97,1.86,0,2024-01-08,16.75,3.2,0.0,4.5,5.9,0.02,2.46,28
SELL,63,XYZ,2024-01-09,68.76,258.91,2023-12-12,69.06,8.94,8.9,-76.38,-85.28,-0.48,18,rotation (out of top-N),2023-12-11,74.23,4.7,4.73,3.8,4.1,23.66,2.25,0,2024-01-08,66.47,3.4,1.99,4.0,5.1,9.97,2.08,28
SELL,64,EXPE,2024-01-09,146.75,124.69,2023-12-19,146.66,9.14,9.15,11.22,2.07,0.01,13,rotation (out of top-N),2023-12-18,153.44,4.4,5,2.2,3.3,42.06,1.47,42,2024-01-08,146.77,3.5,5,1.4,2.9,30.87,1.58,63
SELL,65,LEN,2024-01-09,130.24,140.05,2023-12-19,130.57,9.14,9.12,-46.22,-55.34,-0.3,13,rotation (out of top-N),2023-12-18,129.74,4.5,4.98,2.9,2.6,24.88,3.08,49,2024-01-08,133.56,3.0,4.97,1.6,3.4,24.87,1.37,70
SELL,66,KEY,2024-01-30,13.18,1382.43,2024-01-09,12.98,8.97,9.11,276.49,267.38,1.49,14,rotation (out of top-N),2024-01-08,12.74,4.0,5,2.8,2.9,28.5,2.11,49,2024-01-29,12.9,3.1,5,1.5,3.2,27.25,1.32,70
SELL,67,DOC,2024-01-23,16.94,1067.45,2024-01-09,16.81,8.97,9.04,138.77,129.73,0.72,9,rotation (out of top-N),2024-01-08,17.81,4.0,2.45,4.4,5.4,12.26,2.03,0,2024-01-22,16.6,3.0,0.9,4.5,6.3,4.49,1.56,14
SELL,68,CRWD,2024-02-27,324.34,67.62,2024-01-09,265.35,8.97,10.97,3989.11,3978.14,22.17,33,rotation (out of top-N),2024-01-08,283.39,4.1,5,-1,1.9,61.89,1.72,231,2024-02-26,314.5,4.1,5,-0.6,1.6,52.82,2.13,280
SELL,69,VRT,2024-03-05,70.28,373.6,2024-01-09,48.03,8.97,13.13,8312.55,8299.42,46.25,38,rotation (out of top-N),2024-01-08,49.39,4.1,5,-0.6,1.5,52.03,2.23,434,2024-03-04,69.19,5.0,5,-1,1.0,65.57,2.95,490
SELL,70,VTRS,2024-01-23,10.5,1722.06,2024-01-09,10.42,8.97,9.04,137.77,128.72,0.72,9,rotation (out of top-N),2024-01-08,10.51,4.0,3.83,3.6,4.1,19.16,2.24,28,2024-01-22,10.74,3.3,4.08,3.3,4.2,20.38,1.53,42
SELL,71,SMCI,2024-04-16,90.0,455.5,2024-01-23,43.08,9.81,20.5,21371.87,21351.37,108.81,58,rotation (out of top-N),2024-01-22,47.4,6,5,-1,0.0,78.02,7.52,644,2024-04-15,71.4,4.7,5,-0.6,0.9,51.95,3.21,728
SELL,72,COHR,2024-01-30,48.88,415.08,2024-01-23,47.27,9.81,10.14,666.2,656.05,3.34,5,rotation (out of top-N),2024-01-22,47.3,4.1,4.11,3.4,3.7,20.53,2.54,35,2024-01-29,49.11,3.6,4.79,3.1,3.8,23.96,1.68,42
SELL,73,AMD,2024-02-06,173.09,117.89,2024-01-23,166.45,9.81,10.2,782.79,772.59,3.94,10,rotation (out of top-N),2024-01-22,177.26,5.0,5,-0.6,0.6,51.13,3.66,322,2024-02-05,172.48,4.1,5,-0.1,1.0,41.89,2.95,336
SELL,74,WDC,2024-02-06,40.1,460.31,2024-01-30,40.46,9.31,9.23,-165.71,-174.94,-0.94,5,rotation (out of top-N),2024-01-29,39.43,3.7,5,0.4,0.9,31.74,3.19,245,2024-02-05,38.54,2.2,5,0.6,2.4,27.08,1.26,252
SELL,75,TPR,2024-02-06,38.6,497.71,2024-01-30,37.42,9.31,9.61,587.3,577.69,3.1,5,rotation (out of top-N),2024-01-29,38.14,3.7,2.52,4.3,5.5,12.61,1.75,7,2024-02-05,40.02,3.8,3.56,3.9,4.8,17.82,1.71,14
SELL,76,AXP,2024-02-06,200.1,95.17,2024-01-30,195.69,9.31,9.52,419.71,410.19,2.2,5,rotation (out of top-N),2024-01-29,201.43,4.1,4.98,2.8,2.8,24.88,2.7,56,2024-02-05,207.21,3.0,5,1.6,3.5,27.28,1.01,63
SELL,77,DECK,2024-02-13,138.6,135.59,2024-02-06,142.1,9.63,9.4,-474.57,-483.97,-2.51,5,rotation (out of top-N),2024-02-05,140.69,4.9,5,-0.2,0.3,43.99,4.08,532,2024-02-12,143.88,2.9,5,-0.2,2.3,44.95,1.04,539
SELL,78,COHR,2024-02-27,59.31,327.4,2024-02-06,58.85,9.63,9.71,150.61,140.9,0.73,14,rotation (out of top-N),2024-02-05,62.31,5.6,5,1.5,2.4,54.3,2.61,49,2024-02-26,63.49,4.5,5,0.4,2.6,49.23,1.83,70
SELL,79,META,2024-02-13,452.86,41.83,2024-02-06,460.67,9.63,9.47,-326.65,-336.13,-1.74,5,rotation (out of top-N),2024-02-05,464.24,4.5,5,-0.4,0.8,47.06,3.26,357,2024-02-12,469.6,3.4,5,-0.3,1.9,46.01,1.65,364
SELL,80,NVDA,2024-02-13,70.37,276.75,2024-02-06,69.62,9.63,9.74,207.57,197.83,1.03,5,rotation (out of top-N),2024-02-05,72.06,4.9,5,-0.8,0.9,56.06,3.13,385,2024-02-12,72.52,4.2,5,-0.7,1.5,53.39,2.27,392
SELL,81,APP,2024-02-27,59.88,419.35,2024-02-13,45.46,9.53,12.56,6046.98,6034.43,31.65,9,rotation (out of top-N),2024-02-12,59.84,4.8,5,-1,1.2,63.32,2.75,280,2024-02-26,62.27,4.9,5,-1,1.1,62.15,2.84,294
SELL,82,PLTR,2024-02-27,23.83,811.9,2024-02-13,23.48,9.53,9.67,284.17,274.49,1.44,9,rotation (out of top-N),2024-02-12,24.45,5.1,5,-0.3,0.2,45.78,4.19,308,2024-02-26,24.95,3.8,5,-0.2,1.4,43.89,2.46,322
SELL,83,CVNA,2024-04-09,16.78,1847.24,2024-02-13,10.32,9.53,15.5,11933.17,11917.67,62.52,38,rotation (out of top-N),2024-02-12,10.5,5.0,5,0.0,0.0,39.66,5.13,252,2024-04-08,15.0,4.3,5,-0.5,1.3,50.43,2.6,308
SELL,84,FIX,2024-03-05,315.58,74.77,2024-02-27,286.71,10.72,11.8,2158.69,2146.89,10.01,5,rotation (out of top-N),2024-02-26,311.41,5.7,5,-1,0.3,64.57,4.04,574,2024-03-04,307.77,4.2,5,-1.0,1.8,59.39,1.82,581
SELL,85,HOOD,2024-04-09,18.66,1350.43,2024-02-27,15.88,10.72,12.6,3767.7,3755.09,17.52,29,rotation (out of top-N),2024-02-26,16.6,5.4,5,0.1,1.7,53.14,3.03,77,2024-04-08,17.98,4.1,5,-0.4,1.3,48.43,2.54,119
SELL,86,COIN,2024-04-23,224.77,104.39,2024-02-27,205.37,10.72,11.73,2025.12,2013.39,9.39,39,rotation (out of top-N),2024-02-26,205.85,6,5,-1,0.0,95.3,4.76,350,2024-04-22,236.45,6,5,-1,0.0,69.55,5.2,406
SELL,87,NVDA,2024-03-05,85.22,270.41,2024-02-27,79.28,10.72,11.52,1606.23,1594.71,7.44,5,rotation (out of top-N),2024-02-26,82.19,5.3,5,-1,0.7,65.87,3.44,406,2024-03-04,87.45,4.7,5,-1,1.3,72.3,2.61,413
SELL,88,DELL,2024-03-12,112.86,208.74,2024-03-05,116.36,12.14,11.78,-730.6,-742.37,-3.06,5,rotation (out of top-N),2024-03-04,112.01,6,5,-1,0.0,65.97,5.45,329,2024-03-11,103.19,4.0,5,-0.5,1.5,49.68,2.24,336
SELL,89,COHR,2024-03-12,62.48,366.3,2024-03-05,66.31,12.14,11.44,-1402.92,-1414.36,-5.82,5,rotation (out of top-N),2024-03-04,63.88,5.1,5,0.3,1.7,47.98,3.05,77,2024-03-11,58.75,5.1,5,0.9,0.9,34.55,4.12,84
SELL,90,AMD,2024-03-12,200.81,121.34,2024-03-05,200.18,12.14,12.18,76.44,64.26,0.26,5,rotation (out of top-N),2024-03-04,207.3,5.0,5,-1,1.0,60.18,2.97,364,2024-03-11,191.05,5.3,5,-0.3,0.0,45.76,5.15,371
SELL,91,NVDA,2024-03-26,95.8,267.94,2024-03-12,88.05,11.8,12.83,2076.53,2063.69,8.75,10,rotation (out of top-N),2024-03-11,87.79,6,5,-1,0.0,68.89,5.83,420,2024-03-25,90.23,4.4,5,-1,1.6,65.65,2.16,434
SELL,92,VRT,2024-06-11,90.6,343.61,2024-03-12,68.66,11.8,15.57,7538.72,7523.16,31.89,63,rotation (out of top-N),2024-03-11,73.96,5.8,5,-1,0.2,71.56,4.2,497,2024-06-10,91.24,4.5,5,-0.3,0.8,45.98,3.34,588
SELL,93,VST,2024-03-19,61.67,410.08,2024-03-12,57.53,11.8,12.64,1697.74,1685.09,7.14,5,rotation (out of top-N),2024-03-11,60.55,5.7,5,-1,0.3,71.9,4.05,364,2024-03-18,68.2,4.6,5,-1,1.4,87.75,2.37,371
SELL,94,APP,2024-03-26,72.9,373.73,2024-03-19,67.69,12.65,13.62,1945.28,1931.66,7.64,5,rotation (out of top-N),2024-03-18,71.25,4.9,5,-1,1.1,71.44,2.85,315,2024-03-25,69.24,4.4,5,-1,1.6,62.13,2.07,322
SELL,95,MU,2024-04-09,124.03,223.95,2024-03-26,118.05,13.22,13.89,1339.19,1325.3,5.01,9,rotation (out of top-N),2024-03-25,117.04,4.9,5,-0.6,0.7,52.16,3.45,406,2024-04-08,121.72,4.4,5,-0.6,1.2,52.2,2.69,420
SELL,96,VST,2024-06-25,86.65,373.66,2024-03-26,70.75,13.22,16.19,5941.26,5925.07,22.41,62,rotation (out of top-N),2024-03-25,68.71,4.6,5,-1,1.4,83.56,2.36,378,2024-06-24,85.12,4.9,5,-0.7,0.8,54.26,3.23,469
SELL,97,APP,2024-05-21,84.44,355.45,2024-04-09,78.7,13.99,15.01,2040.26,2025.25,7.24,30,rotation (out of top-N),2024-04-08,75.5,5.1,5,-1,0.9,67.14,3.16,336,2024-05-20,82.17,4.2,5,-0.9,1.7,58.19,1.92,378
SELL,98,DELL,2024-05-07,123.97,229.42,2024-04-09,121.93,13.99,14.22,468.02,453.8,1.62,20,rotation (out of top-N),2024-04-08,113.56,4.8,5,-0.5,0.7,50.41,3.42,364,2024-05-06,128.52,4.3,5,-0.8,1.5,55.92,2.23,392
SELL,99,CEG,2024-04-16,182.39,146.7,2024-04-09,190.68,13.99,13.38,-1216.18,-1229.56,-4.4,5,rotation (out of top-N),2024-04-08,189.16,4.5,5,-0.7,1.2,53.39,2.7,301,2024-04-15,178.54,3.4,5,-0.1,1.7,42.32,1.97,308
SELL,100,HOOD,2024-04-23,17.26,1975.1,2024-04-16,17.14,16.93,17.05,227.14,210.09,0.62,5,rotation (out of top-N),2024-04-15,16.64,3.9,5,0.2,0.9,36.17,3.14,126,2024-04-22,17.89,4.2,5,-0.2,1.1,44.92,2.89,133
SELL,101,CVNA,2024-04-23,14.49,2448.53,2024-04-16,13.83,16.93,17.74,1616.03,1598.29,4.72,5,rotation (out of top-N),2024-04-15,14.27,5.0,5,-0.0,0.1,40.74,4.42,315,2024-04-22,16.88,5.6,5,-1,0.4,63.35,3.95,322
SELL,102,UAL,2024-04-30,52.28,582.87,2024-04-23,53.17,15.5,15.24,-515.84,-531.08,-1.71,5,rotation (out of top-N),2024-04-22,52.82,4.6,4.18,3.8,4.2,20.89,2.46,7,2024-04-29,51.65,3.7,3.67,3.8,4.9,18.37,1.52,14
SELL,103,GNRC,2024-04-30,135.96,231.0,2024-04-23,134.16,15.5,15.7,414.65,398.94,1.29,5,rotation (out of top-N),2024-04-22,140.1,4.2,3.98,3.5,3.9,19.91,2.47,28,2024-04-29,133.53,3.5,2.94,3.7,4.6,14.69,2.0,35
SELL,104,CEG,2024-04-30,186.19,169.8,2024-04-23,182.52,15.5,15.81,623.15,607.34,1.96,5,rotation (out of top-N),2024-04-22,185.93,4.1,5,-0.3,1.1,45.56,2.8,315,2024-04-29,192.21,3.4,5,-0.4,1.9,47.63,1.58,322
SELL,105,WDC,2024-05-07,48.84,652.76,2024-04-30,47.72,15.57,15.94,731.09,715.15,2.3,5,rotation (out of top-N),2024-04-29,48.09,4.3,5,0.3,0.5,34.64,3.81,336,2024-05-06,48.56,3.1,5,0.3,1.6,34.17,2.12,343
SELL,106,RMD,2024-05-07,211.76,148.26,2024-04-30,210.1,15.57,15.7,246.11,230.41,0.74,5,rotation (out of top-N),2024-04-29,212.51,5.1,5,1.3,0.9,28.04,4.71,77,2024-05-06,210.1,2.6,5,1.3,3.3,25.9,1.1,84
SELL,107,MRNA,2024-05-07,123.02,282.01,2024-04-30,110.45,15.57,17.35,3542.05,3524.71,11.32,5,rotation (out of top-N),2024-04-29,124.93,4.1,5,3.0,3.3,28.02,1.95,35,2024-05-06,117.3,4.1,3.98,3.3,3.5,19.92,2.77,42
SELL,108,FSLR,2024-05-14,195.5,163.11,2024-05-07,193.62,15.79,15.94,305.83,289.89,0.92,5,rotation (out of top-N),2024-05-06,191.2,4.4,3.42,3.8,4.0,17.08,2.89,21,2024-05-13,197.59,4.2,4.23,3.5,3.8,21.13,2.42,28
SELL,109,AES,2024-05-14,18.13,1841.54,2024-05-07,17.15,15.79,16.69,1804.71,1788.02,5.66,5,rotation (out of top-N),2024-05-06,17.96,4.8,3.91,3.9,4.0,19.54,2.9,7,2024-05-13,19.18,4.3,5,3.4,3.9,27.2,1.71,14
SELL,110,CEG,2024-05-14,210.53,161.61,2024-05-07,195.42,15.79,17.01,2441.97,2424.96,7.68,5,rotation (out of top-N),2024-05-06,212.1,4.4,5,-1.0,1.6,59.53,2.17,329,2024-05-13,210.21,4.3,5,-0.8,1.5,55.03,2.3,336
SELL,111,CVNA,2024-11-12,49.3,1274.51,2024-05-07,24.78,15.79,31.42,31251.05,31219.63,98.85,131,rotation (out of top-N),2024-05-06,23.35,6,5,-1,0.0,110.77,4.83,336,2024-11-11,48.24,4.7,5,-1,1.3,84.08,2.54,525
SELL,112,MTD,2024-05-21,1495.59,22.55,2024-05-14,1467.27,16.54,16.86,638.52,621.66,1.88,5,rotation (out of top-N),2024-05-13,1521.49,4.7,5,1.3,1.3,27.88,3.89,77,2024-05-20,1480.5,2.4,4.73,1.4,3.6,23.67,0.99,84
SELL,113,NRG,2024-05-21,79.9,414.27,2024-05-14,79.87,16.54,16.55,12.43,-4.12,-0.01,5,rotation (out of top-N),2024-05-13,79.9,4.5,5,-0.8,1.3,56.25,2.49,315,2024-05-20,83.52,4.3,5,-1.0,1.7,59.52,1.98,322
SELL,114,MRNA,2024-06-11,147.12,259.68,2024-05-14,127.42,16.54,19.1,5115.61,5096.51,15.4,19,rotation (out of top-N),2024-05-13,132.91,5.6,5,2.4,1.5,34.8,4.08,49,2024-06-10,140.0,4.6,5,0.9,1.6,36.24,3.13,77
SELL,115,HOOD,2024-07-30,21.27,1535.31,2024-05-21,21.02,16.13,16.33,391.5,375.18,1.16,47,rotation (out of top-N),2024-05-20,20.52,5.8,5,-0.8,0.0,56.67,4.95,161,2024-07-29,17.88,2.6,2.28,1.4,2.8,11.4,3.11,231
SELL,116,FSLR,2024-07-09,223.18,162.69,2024-05-21,198.32,16.13,18.15,4044.45,4026.29,12.48,32,rotation (out of top-N),2024-05-20,276.86,5.6,5,1.4,3.3,67.3,1.73,35,2024-07-08,233.08,4.1,5,1.1,1.6,29.89,3.01,84
SELL,117,DELL,2024-06-04,128.21,229.84,2024-05-21,140.38,16.13,14.73,-2797.11,-2811.85,-8.71,9,rotation (out of top-N),2024-05-20,155.16,5.0,5,-1,1.0,77.81,2.99,406,2024-06-03,125.61,4.9,5,0.1,0.0,38.31,9.56,420
SELL,118,COIN,2024-06-18,238.36,127.04,2024-06-04,232.11,14.74,15.14,793.97,778.83,2.64,10,rotation (out of top-N),2024-06-03,243.87,5.6,5,-0.6,0.0,51.73,4.72,448,2024-06-17,225.99,4.1,5,0.3,0.6,34.21,3.58,462
SELL,119,NVDA,2024-07-30,111.48,284.59,2024-06-11,121.72,17.32,15.86,-2914.16,-2930.03,-8.46,33,rotation (out of top-N),2024-06-10,131.91,4.8,5,-1,1.2,90.59,2.7,511,2024-07-29,107.29,3.3,5,0.5,1.3,29.65,2.66,560
SELL,120,TPL,2024-06-18,249.82,149.58,2024-06-11,231.58,17.32,18.68,2728.35,2709.66,7.82,5,rotation (out of top-N),2024-06-10,243.86,5.3,5,1.3,1.2,32.42,4.08,63,2024-06-17,245.6,3.7,5,1.2,2.6,32.39,1.9,70
SELL,121,DELL,2024-07-02,135.91,242.84,2024-06-18,139.22,16.9,16.5,-803.79,-820.29,-2.43,9,rotation (out of top-N),2024-06-17,140.44,4.7,5,-0.4,0.8,48.99,3.34,434,2024-07-01,134.49,3.8,5,0.1,1.1,37.74,2.92,448
SELL,122,SMCI,2024-07-23,77.97,377.74,2024-06-18,89.5,16.9,14.73,-4355.34,-4370.07,-12.93,23,rotation (out of top-N),2024-06-17,90.49,5.6,5,-0.6,0.0,52.27,4.72,791,2024-07-22,71.25,2.5,1.49,1.6,3.1,7.46,3.21,826
SELL,123,COIN,2024-07-02,230.72,149.29,2024-06-25,216.9,16.19,17.22,2063.88,2046.66,6.32,5,rotation (out of top-N),2024-06-24,222.16,4.5,5,0.5,0.1,29.04,4.55,469,2024-07-01,223.53,3.6,5,0.6,1.1,27.09,3.36,476
SELL,124,APP,2024-07-16,89.03,400.43,2024-07-02,84.16,16.85,17.83,1952.09,1934.26,5.74,9,rotation (out of top-N),2024-07-01,86.8,4.1,5,-0.5,1.4,49.55,2.47,420,2024-07-15,81.81,3.2,5,0.2,1.5,35.82,2.18,434
SELL,125,LITE,2024-07-23,54.99,654.14,2024-07-02,51.52,16.85,17.99,2273.13,2255.15,6.69,14,rotation (out of top-N),2024-07-01,55.34,4.3,3.59,4.0,4.6,17.97,2.26,7,2024-07-22,51.83,3.2,1.58,4.1,5.5,7.91,1.84,28
SELL,126,TSLA,2024-08-06,201.12,144.59,2024-07-09,251.1,18.15,14.54,-7226.56,-7241.1,-19.94,20,rotation (out of top-N),2024-07-08,248.32,5.1,4.53,3.9,3.7,22.67,3.01,0,2024-08-05,199.99,4.5,-0.18,4.6,4.6,-0.92,5.99,28
SELL,127,UNH,2024-07-23,537.22,69.61,2024-07-16,511.91,17.82,18.7,1761.76,1743.06,4.89,5,rotation (out of top-N),2024-07-15,543.51,3.7,2.27,4.4,5.7,11.36,1.68,0,2024-07-22,547.56,3.3,2.38,4.3,5.9,11.92,1.24,7
SELL,128,SWKS,2024-07-30,109.13,315.27,2024-07-23,108.62,17.12,17.2,160.79,143.58,0.42,5,rotation (out of top-N),2024-07-22,107.71,3.6,2.96,3.8,4.8,14.78,1.92,28,2024-07-29,97.03,3.0,0.59,4.3,5.7,2.93,2.1,35
SELL,129,COIN,2024-07-30,234.72,130.21,2024-07-23,263.0,17.12,15.28,-3682.24,-3697.52,-10.8,5,rotation (out of top-N),2024-07-22,243.0,3.9,5,0.5,0.6,29.13,3.68,497,2024-07-29,204.47,3.3,1.35,1.7,2.3,6.76,5.14,504
SELL,130,PLTR,2024-07-30,27.25,1201.98,2024-07-23,28.49,17.12,16.37,-1496.46,-1512.83,-4.42,5,rotation (out of top-N),2024-07-22,27.18,3.6,5,0.7,1.2,25.72,3.4,469,2024-07-29,24.73,2.4,2.63,1.3,3.0,13.14,2.54,476
SELL,131,BKR,2024-08-06,33.01,875.84,2024-07-30,36.99,16.2,14.46,-3485.83,-3500.28,-10.8,5,rotation (out of top-N),2024-07-29,34.34,3.4,1.92,3.9,4.9,9.61,2.32,35,2024-08-05,33.91,3.8,1.64,3.9,4.4,8.19,3.16,42
SELL,132,UNH,2024-08-06,544.83,59.44,2024-07-30,545.07,16.2,16.19,-14.26,-30.46,-0.09,5,rotation (out of top-N),2024-07-29,567.05,3.6,3.1,4.0,5.1,15.5,1.63,14,2024-08-05,537.06,3.5,1.84,4.2,5.3,9.21,2.11,21
SELL,133,RVTY,2024-08-06,119.64,260.6,2024-07-30,124.32,16.2,15.59,-1219.59,-1235.17,-3.81,5,rotation (out of top-N),2024-07-29,122.68,3.7,3.67,1.8,2.9,18.37,3.03,77,2024-08-05,118.4,3.1,2.68,1.9,3.4,13.4,2.73,84
SELL,134,CCI,2024-08-06,100.68,327.18,2024-07-30,99.02,16.2,16.47,543.12,526.65,1.63,5,rotation (out of top-N),2024-07-29,105.11,3.4,2.42,4.4,6.0,12.08,1.2,0,2024-08-05,100.91,3.7,1.44,4.5,5.7,7.18,2.18,7
SELL,135,MMM,2024-08-06,118.68,267.19,2024-07-30,121.25,16.2,15.86,-686.69,-702.54,-2.17,5,rotation (out of top-N),2024-07-29,120.42,5.0,5,-0.0,0.0,40.65,4.97,140,2024-08-05,119.37,3.5,5,0.1,1.3,37.42,2.51,147
SELL,136,WAT,2024-08-13,332.61,93.68,2024-08-06,331.1,15.51,15.58,140.98,125.4,0.4,5,rotation (out of top-N),2024-08-05,332.6,4.6,1.03,4.7,5.2,5.15,3.46,0,2024-08-12,339.79,3.0,1.34,4.5,6.5,6.72,1.1,7
SELL,137,AAPL,2024-08-13,217.55,152.32,2024-08-06,203.62,15.51,16.57,2121.87,2105.3,6.79,5,rotation (out of top-N),2024-08-05,214.3,4.5,2.56,2.2,2.6,12.8,4.89,70,2024-08-12,224.38,2.5,3.5,1.8,4.0,17.48,1.39,77
SELL,138,DASH,2024-09-10,124.32,252.04,2024-08-06,123.06,15.51,15.67,317.57,301.91,0.97,24,rotation (out of top-N),2024-08-05,123.8,5.5,1.81,4.5,4.1,9.05,5.53,0,2024-09-09,131.32,3.2,2.31,3.8,5.0,11.54,1.83,35
SELL,139,SWK,2024-08-13,87.13,349.16,2024-08-06,88.83,15.51,15.21,-593.58,-608.79,-1.96,5,rotation (out of top-N),2024-08-05,88.04,4.6,1.14,4.7,5.1,5.72,3.5,0,2024-08-12,90.42,3.2,1.63,4.5,6.1,8.14,1.43,7
SELL,140,PLTR,2024-08-27,30.5,1147.69,2024-08-06,27.02,15.51,17.5,3988.21,3970.71,12.8,15,rotation (out of top-N),2024-08-05,30.02,4.8,5,0.2,0.0,35.62,8.15,483,2024-08-26,31.48,3.4,5,0.2,1.5,36.68,2.29,504
SELL,141,PYPL,2024-09-17,71.67,514.28,2024-08-06,60.31,15.51,18.43,5842.22,5823.79,18.78,29,rotation (out of top-N),2024-08-05,64.38,4.8,1.06,4.7,5.0,5.28,3.75,0,2024-09-16,76.36,3.2,4.18,3.3,4.4,20.89,1.28,42
SELL,142,FTNT,2024-09-10,75.25,449.2,2024-08-13,70.28,15.79,16.9,2230.28,2213.38,7.01,19,rotation (out of top-N),2024-08-12,74.73,4.2,4.0,4.0,4.8,19.99,1.87,0,2024-09-09,75.01,3.2,3.23,3.7,5.1,16.14,1.25,28
SELL,143,KEY,2024-08-20,15.19,2155.09,2024-08-13,14.65,15.79,16.37,1163.75,1147.38,3.63,5,rotation (out of top-N),2024-08-12,15.12,3.5,3.04,1.2,1.7,15.22,4.16,266,2024-08-19,15.76,1.9,3.8,1.1,3.1,18.99,1.43,273
SELL,144,CHTR,2024-08-20,351.44,89.46,2024-08-13,352.92,15.79,15.72,-131.95,-147.67,-0.47,5,rotation (out of top-N),2024-08-12,353.32,3.6,2.04,4.4,5.7,10.2,1.75,7,2024-08-19,348.7,3.0,1.85,4.3,6.1,9.26,1.14,14
SELL,145,APP,2025-01-14,324.06,376.28,2024-08-20,85.25,16.04,60.97,89857.09,89796.12,279.92,100,rotation (out of top-N),2024-08-19,90.25,3.5,5,0.1,1.4,38.13,2.39,469,2025-01-13,342.5,5.9,5,-1,0.1,111.14,4.42,616
SELL,146,UBER,2024-08-27,72.46,432.81,2024-08-20,74.12,16.04,15.68,-718.46,-734.14,-2.29,5,rotation (out of top-N),2024-08-19,74.33,3.4,1.6,4.6,6.2,8.02,1.55,0,2024-08-26,73.05,3.4,1.1,4.6,6.1,5.48,1.79,7
SELL,147,LITE,2024-09-10,50.7,600.39,2024-08-27,55.24,16.58,15.22,-2725.78,-2741.0,-8.26,9,rotation (out of top-N),2024-08-26,57.61,3.8,3.39,2.1,3.3,16.96,2.93,63,2024-09-09,55.78,3.2,2.43,2.1,3.6,12.13,2.88,77
SELL,148,CIEN,2024-09-10,51.47,591.19,2024-08-27,56.1,16.58,15.21,-2737.2,-2752.41,-8.3,9,rotation (out of top-N),2024-08-26,57.65,3.8,3.2,4.0,4.9,16.02,1.87,14,2024-09-09,56.18,3.5,2.43,3.9,5.0,12.15,1.97,28
SELL,149,UAL,2024-09-17,51.97,643.85,2024-09-10,48.89,15.74,16.73,1979.84,1963.12,6.24,5,rotation (out of top-N),2024-09-09,50.23,4.6,1.9,4.5,4.9,9.51,3.25,0,2024-09-16,52.17,3.8,2.64,4.2,5.3,13.21,1.91,7
SELL,150,COHR,2024-09-17,75.66,446.12,2024-09-10,70.56,15.74,16.88,2275.19,2258.31,7.17,5,rotation (out of top-N),2024-09-09,77.96,3.6,5,0.6,1.0,28.38,3.22,266,2024-09-16,87.07,3.8,5,-0.0,1.2,40.88,2.67,273
SELL,151,PLTR,2024-09-24,37.93,901.95,2024-09-10,34.9,15.74,17.11,2732.9,2715.79,8.63,10,rotation (out of top-N),2024-09-09,35.59,5.2,5,-0.5,0.3,49.99,4.05,518,2024-09-23,36.85,3.8,5,-0.5,1.7,49.25,1.98,532
SELL,152,KVUE,2024-09-17,21.85,1461.37,2024-09-10,21.54,15.74,15.97,453.02,437.06,1.39,5,rotation (out of top-N),2024-09-09,21.76,3.6,3.7,3.7,4.8,18.49,1.48,21,2024-09-16,21.41,3.1,3.24,3.7,5.1,16.2,1.2,28
SELL,153,ORCL,2024-09-24,162.76,203.31,2024-09-17,167.14,16.99,16.55,-890.51,-907.06,-2.67,5,rotation (out of top-N),2024-09-16,164.86,4.1,5,0.3,0.5,33.49,3.68,189,2024-09-23,165.58,2.3,5,0.4,2.3,32.4,1.08,196
SELL,154,NCLH,2024-10-22,23.75,1700.37,2024-09-17,19.98,16.99,20.19,6401.88,6381.68,18.78,25,rotation (out of top-N),2024-09-16,20.89,4.2,3.28,4.2,5.0,16.4,2.07,0,2024-10-21,23.15,3.6,5,3.1,4.0,25.8,1.31,35
SELL,155,CCL,2024-09-24,18.79,1908.02,2024-09-17,17.81,16.99,17.93,1869.86,1851.93,5.45,5,rotation (out of top-N),2024-09-16,18.79,4.0,3.39,4.0,4.9,16.96,1.97,7,2024-09-23,18.34,3.7,2.84,4.1,5.1,14.22,1.82,14
SELL,156,VST,2024-10-29,124.82,379.6,2024-09-17,89.52,16.99,23.69,13399.89,13376.19,39.36,30,rotation (out of top-N),2024-09-16,106.77,4.6,5,-0.6,1.0,52.96,2.97,553,2024-10-28,118.51,3.7,5,-0.2,1.5,43.18,2.3,595
SELL,157,UAL,2024-10-01,56.93,654.1,2024-09-24,52.55,17.19,18.62,2864.95,2846.33,8.28,5,rotation (out of top-N),2024-09-23,57.96,4.0,4.95,3.5,4.3,24.73,1.49,14,2024-09-30,59.22,4.3,5,3.3,3.7,26.22,2.01,21
SELL,158,CEG,2024-10-08,275.23,136.66,2024-09-24,251.52,17.19,18.81,3240.22,3221.42,9.37,10,rotation (out of top-N),2024-09-23,254.36,5.1,5,-0.1,0.0,42.19,7.04,469,2024-10-07,263.48,3.7,5,-0.1,1.3,41.05,2.5,483
SELL,159,CIEN,2024-10-01,61.11,560.18,2024-09-24,61.36,17.19,17.12,-140.05,-157.16,-0.46,5,rotation (out of top-N),2024-09-23,61.81,3.9,4.28,3.2,3.7,21.39,2.26,42,2024-09-30,66.69,3.6,5,2.7,3.3,29.58,1.35,49
SELL,160,COHR,2024-10-15,102.79,390.51,2024-10-01,91.48,17.86,20.07,4414.66,4394.59,12.3,10,rotation (out of top-N),2024-09-30,95.34,4.4,5,-0.4,1.0,48.43,2.97,287,2024-10-14,98.23,4.0,5,-0.3,1.3,46.11,2.57,301
SELL,161,CCL,2024-10-15,20.63,1931.1,2024-10-01,18.5,17.86,19.92,4113.25,4093.33,11.46,10,rotation (out of top-N),2024-09-30,17.82,4.9,2.22,4.1,3.8,11.08,4.12,21,2024-10-14,21.09,3.9,5,2.9,3.4,29.97,1.52,35
SELL,162,UAL,2024-11-12,88.85,630.21,2024-10-08,59.68,18.81,28.0,18383.36,18355.36,48.8,25,rotation (out of top-N),2024-10-07,61.83,5.3,5,3.0,2.2,30.39,3.43,28,2024-11-11,91.17,5.1,5,-0.0,2.8,73.67,1.7,63
SELL,163,HOOD,2024-10-22,26.99,1472.59,2024-10-15,27.14,19.98,19.87,-213.53,-233.4,-0.58,5,rotation (out of top-N),2024-10-14,26.83,4.3,5,0.0,0.7,39.55,3.43,308,2024-10-21,27.04,3.5,5,0.1,1.4,37.72,2.37,315
SELL,164,PLTR,2024-10-29,44.87,919.01,2024-10-15,43.48,19.98,20.62,1277.43,1256.81,3.15,10,rotation (out of top-N),2024-10-14,42.96,4.7,5,-1,1.3,61.48,2.5,553,2024-10-28,41.93,3.4,5,-0.5,2.1,50.04,1.31,567
SELL,165,COHR,2024-10-29,96.62,421.74,2024-10-22,94.95,20.02,20.37,704.31,683.93,1.71,5,rotation (out of top-N),2024-10-21,95.73,3.7,5,0.0,1.3,39.82,2.52,308,2024-10-28,92.23,2.8,5,0.4,1.8,32.53,1.81,315
SELL,166,TPL,2024-11-05,404.65,111.04,2024-10-22,360.62,20.02,22.47,4889.23,4866.76,12.15,10,rotation (out of top-N),2024-10-21,362.04,4.4,5,-0.8,1.4,55.68,2.42,196,2024-11-04,454.53,4.6,5,-1,1.4,85.02,2.47,210
SELL,167,DAL,2024-11-05,56.18,799.49,2024-10-29,53.9,21.55,22.46,1822.83,1800.38,4.18,5,rotation (out of top-N),2024-10-28,57.4,4.0,5,3.1,3.5,25.86,1.97,35,2024-11-04,60.01,4.1,5,2.8,3.0,30.08,2.02,42
SELL,168,NCLH,2024-11-12,27.43,1836.06,2024-10-29,23.47,21.55,25.18,7261.63,7236.46,16.79,10,rotation (out of top-N),2024-10-28,24.88,4.7,5,2.6,2.6,33.8,2.56,42,2024-11-11,26.41,4.3,5,2.1,2.7,38.41,2.03,56
SELL,169,CCL,2024-11-05,21.72,2026.92,2024-10-29,21.26,21.55,22.01,932.39,910.37,2.11,5,rotation (out of top-N),2024-10-28,21.67,4.3,5,2.6,2.6,31.61,2.31,49,2024-11-04,23.82,4.6,5,1.9,2.7,43.02,2.0,56
SELL,170,PLTR,2024-11-12,59.04,933.09,2024-11-05,47.8,22.3,27.54,10487.88,10460.34,23.45,5,rotation (out of top-N),2024-11-04,58.44,5.4,5,-1,0.6,101.65,3.58,574,2024-11-11,65.8,5.3,5,-1,0.7,119.21,3.49,581
SELL,171,VST,2024-11-19,142.18,386.19,2024-11-05,115.49,22.3,27.45,10307.51,10280.05,23.05,10,rotation (out of top-N),2024-11-04,140.69,5.7,5,-1,0.3,65.15,4.01,602,2024-11-18,160.56,5.2,5,-1,0.8,77.33,3.36,616
SELL,172,CHTR,2024-11-12,394.23,118.56,2024-11-05,376.18,22.3,23.37,2140.08,2116.71,4.75,5,rotation (out of top-N),2024-11-04,393.66,4.8,5,1.1,0.8,27.17,4.85,91,2024-11-11,389.48,2.5,4.97,1.1,3.0,24.83,1.29,98
SELL,173,HOOD,2025-03-18,40.8,1710.19,2024-11-12,31.67,27.08,34.89,15622.61,15587.72,28.78,84,rotation (out of top-N),2024-11-11,32.32,5.7,5,-0.7,0.0,54.1,4.67,336,2025-03-17,44.36,4.4,5,0.3,0.3,33.83,4.03,462
SELL,174,COIN,2024-12-31,263.01,174.55,2024-11-12,310.3,27.08,22.95,-8253.57,-8276.52,-15.28,33,rotation (out of top-N),2024-11-11,305.85,7.0,5,3.0,2.0,40.87,7.13,0,2024-12-30,270.65,4.5,3.58,3.3,2.9,17.89,3.68,49
SELL,175,AXON,2024-11-19,603.5,88.98,2024-11-12,608.72,27.08,26.85,-464.46,-491.31,-0.91,5,rotation (out of top-N),2024-11-11,599.38,6,5,-1,0.0,73.37,6.46,441,2024-11-18,636.81,4.1,5,-1,1.9,79.43,1.6,448
SELL,176,XYZ,2024-11-26,90.46,656.51,2024-11-12,82.5,27.08,29.69,5225.79,5196.1,9.59,10,rotation (out of top-N),2024-11-11,84.33,5.9,4.05,3.9,2.9,20.27,4.49,7,2024-11-25,88.58,4.4,4.94,3.4,3.7,24.72,2.25,21
SELL,177,TSLA,2024-11-26,341.08,158.07,2024-11-12,342.64,27.08,26.96,-247.38,-274.34,-0.51,10,rotation (out of top-N),2024-11-11,320.95,5.7,5,-0.7,0.0,53.6,5.21,126,2024-11-25,345.13,5.3,5,-1.0,0.7,59.35,3.43,140
SELL,178,WBD,2024-11-26,10.35,5853.08,2024-11-19,9.28,27.16,30.29,6262.8,6232.51,11.47,5,rotation (out of top-N),2024-11-18,10.1,5.3,4.85,3.7,3.2,24.26,3.32,7,2024-11-25,10.47,5.0,5,3.4,3.1,28.13,2.73,14
SELL,179,PLTR,2024-12-03,66.6,910.74,2024-11-19,59.64,27.16,30.33,6338.76,6308.43,11.61,9,rotation (out of top-N),2024-11-18,64.32,6,5,-1,0.0,107.39,4.75,588,2024-12-02,76.31,4.5,5,-1,1.5,128.47,2.24,602
SELL,180,TPL,2024-12-10,435.55,111.28,2024-11-26,520.49,28.96,24.23,-9452.2,-9476.44,-16.36,9,rotation (out of top-N),2024-11-25,528.0,6,5,-1,0.0,94.03,5.89,231,2024-12-09,394.86,3.5,5,0.1,1.5,38.71,2.32,245
SELL,181,VST,2024-12-10,145.0,377.43,2024-11-26,153.46,28.96,27.36,-3193.07,-3220.43,-5.56,9,rotation (out of top-N),2024-11-25,158.54,5.6,5,-1,0.4,69.9,3.88,623,2024-12-09,143.68,5.0,5,-0.3,0.3,46.54,4.04,637
SELL,182,CVNA,2024-12-03,50.86,1121.62,2024-11-26,51.64,28.96,28.52,-874.87,-903.39,-1.56,4,rotation (out of top-N),2024-11-25,52.05,5.3,5,-1,0.7,84.61,3.39,539,2024-12-02,50.23,4.3,5,-1,1.7,73.0,1.97,546
SELL,183,XYZ,2024-12-10,96.42,640.56,2024-12-03,91.85,29.42,30.88,2927.35,2896.46,4.92,5,rotation (out of top-N),2024-12-02,98.27,5.4,5,2.7,2.5,37.44,3.06,28,2024-12-09,92.03,4.6,5,3.0,2.8,28.21,2.68,35
SELL,184,TSLA,2024-12-17,475.39,167.47,2024-12-03,351.32,29.42,39.81,20776.73,20736.92,35.25,10,rotation (out of top-N),2024-12-02,389.27,4.7,5,-1,1.3,75.93,2.6,147,2024-12-16,421.13,4.8,5,-1,1.2,79.8,2.75,161
SELL,185,WBD,2024-12-24,10.42,5198.75,2024-12-10,10.57,27.48,27.09,-779.81,-806.9,-1.47,10,rotation (out of top-N),2024-12-09,12.07,6.1,5,2.3,2.2,45.27,3.45,28,2024-12-23,10.62,4.7,5,3.0,2.6,26.17,3.12,42
SELL,186,LULU,2024-12-17,384.96,136.05,2024-12-10,403.89,27.48,26.19,-2575.47,-2601.66,-4.73,5,rotation (out of top-N),2024-12-09,391.62,5.9,5.0,3.6,2.6,25.0,4.12,7,2024-12-16,379.41,4.0,4.39,3.7,4.5,21.94,1.68,14
SELL,187,PLTR,2025-03-18,85.61,763.47,2024-12-10,71.97,27.48,32.68,10406.1,10373.43,18.88,65,rotation (out of top-N),2024-12-09,76.08,6,5,-1,0.0,119.57,5.28,609,2025-03-17,90.97,5.7,5,-0.9,0.3,58.89,4.1,707
SELL,188,AVGO,2024-12-31,232.99,277.93,2024-12-17,237.36,32.98,32.38,-1214.54,-1246.92,-1.89,9,rotation (out of top-N),2024-12-16,218.29,5.0,5,0.0,0.0,39.37,4.68,728,2024-12-30,229.61,3.5,5,-0.1,1.6,41.93,2.14,742
SELL,189,AXON,2024-12-24,626.38,102.64,2024-12-17,642.71,32.98,32.15,-1676.14,-1708.29,-2.59,5,rotation (out of top-N),2024-12-16,631.7,4.8,5,-1,1.2,61.95,2.71,476,2024-12-23,610.45,4.1,5,-0.7,1.6,53.61,2.12,483
SELL,190,UAL,2025-02-11,105.56,596.2,2024-12-24,99.31,29.6,31.47,3729.23,3697.76,6.25,31,rotation (out of top-N),2024-12-23,99.66,4.9,5,-0.8,1.6,64.83,2.4,105,2025-02-10,104.27,4.1,5,-0.4,1.3,48.34,2.52,154
SELL,191,TSLA,2025-01-28,396.72,135.82,2024-12-24,435.92,29.6,26.94,-5324.05,-5350.99,-9.04,21,rotation (out of top-N),2024-12-23,431.7,6,5,-1,0.0,79.32,4.79,168,2025-01-27,404.68,4.5,5,-0.5,0.9,49.25,3.08,203
SELL,192,WBD,2025-01-07,10.79,5237.27,2024-12-31,10.56,27.65,28.26,1204.57,1176.32,2.13,4,rotation (out of top-N),2024-12-30,10.57,3.8,4.98,2.9,3.3,24.89,2.05,49,2025-01-06,9.7,3.7,2.82,3.4,3.7,14.08,2.96,56
SELL,193,WSM,2025-01-07,194.83,302.7,2024-12-31,182.71,27.65,29.49,3668.67,3639.19,6.58,4,rotation (out of top-N),2024-12-30,188.2,3.8,5,2.9,3.4,27.67,1.75,42,2025-01-06,192.64,3.9,5,2.7,3.0,29.73,1.88,49
SELL,194,LULU,2025-01-14,400.28,142.9,2025-01-07,403.87,28.86,28.6,-513.0,-541.6,-0.94,4,rotation (out of top-N),2025-01-06,395.4,4.0,5,3.1,3.4,26.98,1.91,35,2025-01-13,373.62,3.7,3.92,3.3,3.9,19.62,2.14,42
SELL,195,VST,2025-02-11,165.29,355.85,2025-01-07,162.18,28.86,29.41,1106.7,1077.29,1.87,23,rotation (out of top-N),2025-01-06,165.73,5.3,5,-0.8,0.5,55.79,3.79,665,2025-02-10,166.52,4.3,5,-0.0,0.7,40.65,3.38,700
SELL,196,EQT,2025-02-04,50.68,1819.99,2025-01-14,49.18,44.75,46.12,2729.99,2683.87,3.0,14,rotation (out of top-N),2025-01-13,52.02,4.0,5,1.0,2.5,36.46,2.03,70,2025-02-03,50.22,3.4,5,1.1,2.1,28.43,2.28,91
SELL,197,CEG,2025-01-28,279.17,318.58,2025-01-14,280.96,44.75,44.47,-570.25,-614.72,-0.69,9,rotation (out of top-N),2025-01-13,313.51,5.0,5,-0.0,0.0,40.52,8.05,581,2025-01-27,297.41,4.5,5,0.5,0.1,29.29,7.56,595
SELL,198,APP,2025-03-04,322.1,205.03,2025-01-28,348.17,35.69,33.02,-5343.98,-5377.0,-7.53,24,rotation (out of top-N),2025-01-27,369.55,6,5,-1,0.0,108.76,4.64,630,2025-03-03,270.45,4.3,5,0.7,0.4,26.22,6.95,665
SELL,199,CIEN,2025-02-04,86.25,901.41,2025-01-28,79.19,35.69,38.88,6368.46,6329.58,8.87,5,rotation (out of top-N),2025-01-27,87.15,5.0,5,0.0,0.0,39.45,7.53,168,2025-02-03,89.74,4.3,5,-0.1,0.7,41.23,3.39,175
SELL,200,TPR,2025-03-04,81.6,1172.79,2025-02-04,72.43,42.47,47.85,10754.44,10706.59,12.6,19,rotation (out of top-N),2025-02-03,78.87,4.7,5,-1.0,1.3,59.44,2.52,140,2025-03-03,73.82,3.3,5,0.1,1.6,37.71,2.1,168
SELL,201,CVNA,2025-02-11,53.72,1681.74,2025-02-04,50.51,42.47,45.17,5398.4,5353.22,6.3,5,rotation (out of top-N),2025-02-03,52.78,4.8,5,-0.5,0.7,49.26,3.46,609,2025-02-10,57.09,4.2,5,-0.9,1.7,57.69,2.02,616
SELL,202,ABNB,2025-02-25,145.06,523.58,2025-02-11,134.95,35.33,37.97,5293.35,5255.38,7.44,9,rotation (out of top-N),2025-02-10,161.57,4.6,3.92,4.0,4.4,19.59,2.47,0,2025-02-24,138.84,3.4,0.57,4.6,6.0,2.86,2.28,14
SELL,203,FTNT,2025-02-25,108.3,643.18,2025-02-11,109.86,35.33,34.83,-1000.15,-1034.97,-1.46,9,rotation (out of top-N),2025-02-10,111.64,4.7,5,-0.0,0.3,40.29,3.98,182,2025-02-24,107.96,2.8,5,0.4,1.8,31.73,1.78,196
SELL,204,UBER,2025-02-25,76.36,895.75,2025-02-11,78.88,35.33,34.2,-2257.28,-2291.48,-3.24,9,rotation (out of top-N),2025-02-10,79.42,5.5,2.65,4.3,3.8,13.24,4.26,0,2025-02-24,76.0,3.9,1.48,4.4,5.3,7.41,2.65,14
SELL,205,DPZ,2025-03-04,469.41,160.01,2025-02-25,445.6,35.65,37.55,3809.77,3772.22,5.29,5,rotation (out of top-N),2025-02-24,479.68,4.5,1.92,4.4,4.8,9.58,3.23,7,2025-03-03,462.37,3.2,1.16,4.5,6.0,5.81,1.77,14
SELL,206,CVNA,2025-03-04,42.15,1640.95,2025-02-25,43.45,35.65,34.58,-2133.23,-2167.82,-3.04,5,rotation (out of top-N),2025-02-24,46.6,4.2,4.95,0.8,0.5,24.76,5.16,630,2025-03-03,37.71,2.6,-0.04,2.0,3.4,-0.22,3.88,637
SELL,207,CVS,2025-04-29,62.7,1185.16,2025-02-25,60.16,35.65,37.15,3010.31,2973.15,4.17,44,rotation (out of top-N),2025-02-24,62.76,4.3,3.36,4.0,4.6,16.79,2.4,7,2025-04-28,65.13,2.7,3.41,2.0,4.1,17.03,1.52,70
SELL,208,WBD,2025-03-18,10.39,6838.42,2025-03-04,11.18,38.23,35.54,-5368.16,-5403.7,-7.07,10,rotation (out of top-N),2025-03-03,11.07,3.7,4.67,1.0,1.4,23.36,3.57,112,2025-03-17,10.74,2.5,3.58,1.1,2.6,17.91,2.48,126
SELL,209,WYNN,2025-03-18,85.41,877.67,2025-03-04,87.11,38.23,37.48,-1492.03,-1529.51,-2.0,10,rotation (out of top-N),2025-03-03,87.68,3.7,0.36,4.8,5.9,1.8,2.66,7,2025-03-17,81.69,2.7,-0.97,4.9,6.8,-4.84,1.97,21
SELL,210,MNST,2025-03-25,57.78,1380.15,2025-03-04,55.4,38.23,39.87,3291.66,3251.79,4.25,15,rotation (out of top-N),2025-03-03,55.05,4.2,1.62,4.5,5.2,8.09,2.8,7,2025-03-24,57.84,2.8,2.49,3.9,5.6,12.44,1.01,28
SELL,211,TPL,2025-03-18,443.01,175.73,2025-03-04,435.05,38.23,38.93,1398.85,1359.92,1.78,10,rotation (out of top-N),2025-03-03,458.85,3.9,5,0.6,0.6,28.51,3.76,329,2025-03-17,419.58,3.4,2.83,1.3,1.9,14.14,4.03,343
SELL,212,AWK,2025-04-22,143.99,513.21,2025-03-18,139.84,35.88,36.95,2129.81,2092.86,2.92,24,rotation (out of top-N),2025-03-17,136.65,3.2,0.98,4.8,6.6,4.89,1.39,0,2025-04-21,139.48,2.5,1.12,4.1,6.1,5.62,1.19,35
SELL,213,AIG,2025-04-01,85.11,871.06,2025-03-18,82.39,35.88,37.07,2369.29,2332.22,3.25,10,rotation (out of top-N),2025-03-17,81.31,3.1,2.25,4.0,5.4,11.26,1.5,28,2025-03-31,77.2,2.7,1.02,4.0,5.7,5.08,1.66,42
SELL,214,CSGP,2025-04-01,78.81,903.01,2025-03-18,79.47,35.88,35.58,-600.5,-636.09,-0.89,10,rotation (out of top-N),2025-03-17,78.46,3.3,0.74,4.6,6.0,3.7,2.05,14,2025-03-31,72.6,2.2,-0.83,4.7,7.1,-4.16,1.34,28
SELL,215,VRTX,2025-03-25,509.56,140.66,2025-03-18,510.2,35.88,35.84,-90.02,-125.86,-0.18,5,rotation (out of top-N),2025-03-17,503.13,3.4,1.51,4.5,6.0,7.53,1.72,7,2025-03-24,492.29,2.8,1.01,4.5,6.5,5.07,1.15,14
SELL,216,ED,2025-04-15,107.94,697.85,2025-03-18,102.84,35.88,37.66,3559.03,3521.37,4.91,20,rotation (out of top-N),2025-03-17,103.49,3.3,2.35,4.2,5.7,11.75,1.34,14,2025-04-14,107.57,2.9,2.71,3.6,5.1,13.57,1.33,42
SELL,217,UBER,2025-04-01,72.57,990.91,2025-03-25,76.42,37.86,35.96,-3814.99,-3850.94,-5.09,5,rotation (out of top-N),2025-03-24,72.68,2.9,0.38,4.2,5.6,1.91,2.2,42,2025-03-31,64.61,2.3,-1.83,4.6,6.6,-9.14,2.32,49
SELL,218,ZBH,2025-04-01,111.34,687.72,2025-03-25,110.11,37.86,38.29,845.9,807.61,1.07,5,rotation (out of top-N),2025-03-24,110.82,3.1,0.84,4.8,6.7,4.18,1.32,0,2025-03-31,106.3,2.5,-0.01,4.9,7.2,-0.06,0.97,7
SELL,219,WRB,2025-04-08,64.15,1061.8,2025-04-01,69.12,36.7,34.06,-5277.13,-5311.19,-7.24,5,rotation (out of top-N),2025-03-31,63.71,3.1,2.21,1.4,2.4,11.06,3.78,553,2025-04-07,66.72,3.4,3.09,1.2,1.8,15.47,4.0,560
SELL,220,MNST,2025-04-08,57.59,1252.2,2025-04-01,58.61,36.7,36.05,-1283.5,-1319.56,-1.8,5,rotation (out of top-N),2025-03-31,57.09,2.9,2.12,3.9,5.4,10.6,1.44,35,2025-04-07,58.16,3.9,2.44,3.7,4.1,12.22,2.95,42
SELL,221,VRTX,2025-04-08,477.25,150.99,2025-04-01,486.07,36.7,36.03,-1331.71,-1367.74,-1.86,5,rotation (out of top-N),2025-03-31,474.38,3.1,0.24,4.6,6.1,1.22,2.14,21,2025-04-07,484.0,4.7,0.64,4.4,4.2,3.22,4.59,28
SELL,222,AMT,2025-04-22,212.39,348.24,2025-04-01,210.75,36.7,36.98,571.11,534.13,0.73,14,rotation (out of top-N),2025-03-31,210.53,3.0,1.27,4.7,6.6,6.34,1.09,0,2025-04-21,203.24,2.9,0.42,4.5,6.3,2.1,1.69,21
SELL,223,NEM,2025-04-29,52.86,1541.49,2025-04-08,45.89,35.37,40.74,10744.16,10703.41,15.13,14,rotation (out of top-N),2025-04-07,54.13,6.0,3.84,4.0,3.1,19.22,5.73,0,2025-04-28,50.75,3.5,2.1,4.1,5.2,10.48,2.06,21
SELL,224,NOC,2025-04-22,475.24,144.26,2025-04-08,490.35,35.37,34.28,-2179.8,-2214.08,-3.13,9,rotation (out of top-N),2025-04-07,523.42,4.6,1.84,4.5,4.9,9.21,3.21,0,2025-04-21,463.74,2.4,-0.8,5.0,7.3,-4.0,1.28,14
SELL,225,AIG,2025-04-15,80.25,913.58,2025-04-08,77.43,35.37,36.66,2576.31,2539.65,3.59,5,rotation (out of top-N),2025-04-07,80.18,4.6,1.76,3.7,3.3,8.8,4.7,49,2025-04-14,79.36,2.8,1.5,3.7,4.9,7.51,2.08,56
SELL,226,KDP,2025-04-22,34.45,2144.28,2025-04-15,34.65,37.15,36.94,-428.86,-465.79,-0.63,4,rotation (out of top-N),2025-04-14,34.26,3.3,1.13,4.6,6.2,5.67,1.66,7,2025-04-21,33.27,2.7,0.49,4.6,6.7,2.46,1.19,14
SELL,227,SJM,2025-04-22,111.33,662.2,2025-04-15,112.2,37.15,36.86,-576.12,-612.98,-0.83,4,rotation (out of top-N),2025-04-14,110.71,3.2,0.71,4.7,6.4,3.57,1.66,7,2025-04-21,109.47,2.6,0.48,4.6,6.8,2.39,1.14,14
SELL,228,DG,2025-04-29,90.95,779.1,2025-04-22,93.37,36.37,35.43,-1885.42,-1920.85,-2.64,5,rotation (out of top-N),2025-04-21,91.72,4.0,2.28,4.4,5.5,11.38,2.11,0,2025-04-28,88.51,3.2,1.66,4.5,6.1,8.3,1.43,7
SELL,229,PLTR,2025-06-24,141.03,781.69,2025-04-22,93.06,36.37,55.12,37501.76,37446.63,51.48,43,rotation (out of top-N),2025-04-21,112.79,5.6,5,-1,0.4,72.73,3.87,742,2025-06-23,130.81,4.3,5,-0.5,1.2,49.89,2.65,805
SELL,230,MOS,2025-06-03,35.02,2755.47,2025-04-22,26.4,36.37,48.25,23752.15,23703.91,32.59,29,rotation (out of top-N),2025-04-21,27.96,3.8,2.21,4.4,5.6,11.07,1.91,0,2025-06-02,33.59,3.6,5,2.9,3.5,28.54,1.38,42
SELL,231,CI,2025-04-29,328.33,227.15,2025-04-22,320.25,36.37,37.29,1835.36,1798.07,2.47,5,rotation (out of top-N),2025-04-21,328.46,3.6,1.05,4.7,6.1,5.23,1.99,0,2025-04-28,327.11,2.9,0.97,4.6,6.6,4.84,1.22,7
SELL,232,CVNA,2025-04-29,48.35,1784.26,2025-04-22,40.77,36.37,43.13,13524.72,13481.58,18.53,5,rotation (out of top-N),2025-04-21,47.47,3.4,3.42,1.1,1.7,17.11,3.88,686,2025-04-28,51.43,3.6,4.99,0.8,1.2,24.96,3.48,693
SELL,233,HOOD,2025-09-09,116.52,1567.04,2025-04-29,49.43,38.73,91.29,105125.13,105033.84,135.6,91,rotation (out of top-N),2025-04-28,48.61,4.2,5,0.3,0.5,34.03,3.79,504,2025-09-08,115.01,5.9,5,-1,0.1,71.61,4.3,637
SELL,234,APH,2025-05-06,78.82,1027.44,2025-04-29,75.39,38.73,40.49,3524.13,3483.64,4.5,5,rotation (out of top-N),2025-04-28,80.1,4.3,3.76,4.1,4.7,18.82,2.05,0,2025-05-05,80.33,3.7,3.64,4.0,5.2,18.19,1.35,7
SELL,235,AVGO,2025-05-06,194.86,407.04,2025-04-29,190.3,38.73,39.66,1856.08,1816.43,2.35,5,rotation (out of top-N),2025-04-28,202.0,4.0,1.7,4.5,5.4,8.52,2.5,7,2025-05-05,206.42,3.5,1.99,4.3,5.5,9.93,1.87,14
SELL,236,DLTR,2025-05-20,87.8,964.08,2025-04-29,80.34,38.73,42.32,7187.21,7144.89,9.22,15,rotation (out of top-N),2025-04-28,84.27,4.0,2.74,4.3,5.3,13.71,1.94,0,2025-05-19,88.13,3.5,4.05,3.6,4.8,20.27,1.19,21
SELL,237,BA,2025-05-06,184.56,423.92,2025-04-29,182.72,38.73,39.12,780.02,740.9,0.96,5,rotation (out of top-N),2025-04-28,185.44,3.9,2.45,4.3,5.2,12.23,2.13,7,2025-05-05,194.72,3.6,3.48,3.9,5.0,17.4,1.49,14
SELL,238,APP,2025-05-20,367.38,270.41,2025-05-06,293.99,39.75,49.67,19843.94,19794.27,24.9,10,rotation (out of top-N),2025-05-05,328.67,3.9,5,0.6,0.7,27.03,3.88,728,2025-05-19,354.38,3.3,5,0.5,1.2,30.02,2.71,742
SELL,239,DXCM,2025-05-13,85.0,1000.41,2025-05-06,79.47,39.75,42.51,5532.26,5489.74,6.91,5,rotation (out of top-N),2025-05-05,84.68,5.2,2.4,4.4,4.2,11.98,3.92,0,2025-05-12,85.48,3.6,2.49,4.3,5.5,12.46,1.69,7
SELL,240,EA,2025-05-13,148.47,522.84,2025-05-06,152.05,39.75,38.81,-1871.76,-1910.57,-2.4,5,rotation (out of top-N),2025-05-05,152.45,3.8,1.19,4.7,5.9,5.97,2.28,0,2025-05-12,150.8,3.2,0.94,4.6,6.3,4.72,1.61,7
SELL,241,NRG,2025-06-03,159.33,549.25,2025-05-13,148.03,40.65,43.76,6206.57,6162.81,7.58,14,rotation (out of top-N),2025-05-12,157.37,6,5,-1,0.0,64.74,4.84,679,2025-06-02,154.22,3.8,5,-0.6,1.8,52.69,1.8,700
SELL,242,VST,2025-06-10,169.37,563.1,2025-05-13,144.39,40.65,47.69,14066.24,14018.55,17.24,19,rotation (out of top-N),2025-05-12,155.87,5.3,3.64,4.1,3.8,18.18,3.54,0,2025-06-09,172.92,4.1,4.63,3.4,3.9,23.13,2.05,28
SELL,243,CEG,2025-06-03,339.25,316.07,2025-05-20,290.89,45.97,53.61,15285.29,15231.67,16.57,9,rotation (out of top-N),2025-05-19,295.81,4.0,3.89,4.0,5.0,19.44,1.6,0,2025-06-02,297.27,3.9,3.5,3.9,4.7,17.49,1.95,14
SELL,244,CHTR,2025-06-03,393.2,218.87,2025-05-20,420.07,45.97,43.03,-5882.17,-5925.2,-6.44,9,rotation (out of top-N),2025-05-19,406.68,4.0,2.57,4.0,4.7,12.87,2.52,21,2025-06-02,396.34,3.1,1.85,4.0,5.2,9.27,1.88,35
SELL,245,STX,2025-06-17,128.55,801.4,2025-06-03,117.61,47.13,51.51,8767.35,8715.84,9.25,10,rotation (out of top-N),2025-06-02,125.37,4.5,5,3.3,3.9,31.58,1.49,7,2025-06-16,129.33,4.3,5,3.0,3.7,33.57,1.41,21
SELL,246,APP,2025-06-10,389.24,233.25,2025-06-03,404.08,47.13,45.4,-3461.48,-3506.87,-3.72,5,rotation (out of top-N),2025-06-02,417.73,4.8,5,-0.2,0.5,44.92,3.76,756,2025-06-09,364.19,3.6,4.67,0.8,1.3,23.35,3.57,763
SELL,247,ULTA,2025-06-10,467.96,198.33,2025-06-03,475.24,47.13,46.41,-1442.83,-1489.23,-1.58,5,rotation (out of top-N),2025-06-02,465.7,5.5,3.87,3.8,3.0,19.35,4.19,14,2025-06-09,457.6,3.0,3.32,3.8,5.4,16.6,0.84,21
SELL,248,CVNA,2025-06-10,68.44,1406.76,2025-06-03,67.0,47.13,48.14,2025.74,1977.6,2.1,5,rotation (out of top-N),2025-06-02,68.35,4.3,5,-0.6,1.3,51.34,2.57,728,2025-06-09,59.41,3.0,5,0.5,1.6,29.2,2.26,735
SELL,249,MU,2025-06-24,124.81,841.26,2025-06-10,111.46,46.88,52.5,11230.78,11178.28,11.92,9,rotation (out of top-N),2025-06-09,115.33,4.3,4.26,3.9,4.6,21.28,1.91,0,2025-06-23,124.43,4.8,5,3.3,3.3,28.59,2.35,14
SELL,250,DLTR,2025-06-17,98.18,997.25,2025-06-10,94.03,46.88,48.96,4143.58,4094.62,4.37,5,rotation (out of top-N),2025-06-09,95.22,4.3,5,2.9,2.9,28.54,2.29,42,2025-06-16,98.72,3.8,5,2.6,3.2,31.98,1.51,49
SELL,251,MOS,2025-06-17,34.62,2797.33,2025-06-10,33.52,46.88,48.42,3077.06,3028.64,3.23,5,rotation (out of top-N),2025-06-09,34.54,4.4,5,2.6,2.5,30.88,2.51,49,2025-06-16,35.12,4.2,5,2.5,2.5,31.8,2.39,56
SELL,252,ORCL,2025-06-17,208.72,534.56,2025-06-10,175.41,46.88,55.79,17806.06,17750.28,18.93,5,rotation (out of top-N),2025-06-09,213.15,4.5,5,3.5,4.1,30.38,1.41,0,2025-06-16,203.04,4.8,4.67,3.7,3.8,23.36,2.68,7
SELL,253,COIN,2025-07-29,384.0,396.42,2025-06-17,258.01,51.14,76.11,49942.43,49866.32,48.75,28,rotation (out of top-N),2025-06-16,308.56,5.3,5,3.6,3.3,28.92,2.77,0,2025-07-28,314.74,3.7,3.61,3.4,4.0,18.07,2.18,42
SELL,254,SMCI,2025-07-08,47.44,2365.43,2025-06-17,43.24,51.14,56.1,9922.98,9866.88,9.65,13,rotation (out of top-N),2025-06-16,45.33,4.9,4.2,3.6,3.3,21.01,3.36,21,2025-07-07,49.23,4.6,5,2.8,2.5,29.98,2.65,42
SELL,255,LITE,2025-07-01,92.91,1207.43,2025-06-17,84.71,51.14,56.09,9900.91,9844.82,9.63,9,rotation (out of top-N),2025-06-16,89.74,5.0,4.04,4.0,4.0,20.19,3.04,0,2025-06-30,92.72,4.2,4.33,3.7,4.3,21.67,2.01,14
SELL,256,CVNA,2025-06-24,65.14,1772.64,2025-06-17,57.7,51.14,57.73,13188.42,13130.69,12.84,4,rotation (out of top-N),2025-06-16,64.05,4.8,5,0.2,0.0,36.64,4.48,742,2025-06-23,63.83,3.7,5,0.3,1.0,34.09,3.06,749
SELL,257,WBD,2025-07-01,10.97,10222.23,2025-06-24,10.78,55.1,56.09,1993.34,1937.24,1.76,5,rotation (out of top-N),2025-06-23,11.3,5.2,3.43,4.0,3.7,17.16,3.72,7,2025-06-30,11.2,4.5,3.04,4.0,4.3,15.22,2.91,14
SELL,258,MCHP,2025-07-01,67.63,1621.48,2025-06-24,67.96,55.1,54.83,-535.09,-589.92,-0.54,5,rotation (out of top-N),2025-06-23,68.6,4.9,3.78,4.1,4.2,18.9,2.92,0,2025-06-30,71.15,4.0,4.72,3.7,4.5,23.62,1.47,7
SELL,259,CCL,2025-07-01,27.78,4454.15,2025-06-24,24.74,55.1,61.87,13540.62,13478.75,12.23,5,rotation (out of top-N),2025-06-23,26.98,4.8,3.97,4.0,4.2,19.85,2.76,0,2025-06-30,29.65,4.6,5,3.4,3.7,30.07,1.83,7
SELL,260,EL,2025-07-15,88.6,1429.43,2025-07-01,80.01,57.18,63.32,12278.83,12215.5,10.68,9,rotation (out of top-N),2025-06-30,87.42,4.9,4.92,3.8,3.9,24.58,2.53,0,2025-07-14,85.94,4.0,4.59,3.6,4.4,22.94,1.63,14
SELL,261,STX,2025-07-15,149.45,801.52,2025-07-01,142.69,57.18,59.89,5418.28,5358.38,4.69,9,rotation (out of top-N),2025-06-30,148.28,4.8,5,1.9,3.5,49.97,1.36,35,2025-07-14,147.95,4.3,5,1.9,3.4,46.56,1.23,49
SELL,262,PLTR,2025-07-08,138.85,845.02,2025-07-01,135.34,57.18,58.67,2966.01,2907.34,2.54,4,rotation (out of top-N),2025-06-30,134.32,5.1,5,-0.5,0.4,49.72,3.94,812,2025-07-07,142.09,4.4,5,-0.7,1.3,54.01,2.54,819
SELL,263,ORCL,2025-07-22,240.28,525.88,2025-07-01,217.48,57.18,63.18,11990.12,11926.94,10.43,14,rotation (out of top-N),2025-06-30,234.65,5.5,5,2.6,2.8,40.18,2.78,21,2025-07-21,243.27,4.3,5,2.2,3.4,41.06,1.38,42
SELL,264,DDOG,2025-07-15,139.03,786.76,2025-07-08,145.88,57.38,54.69,-5389.33,-5444.02,-4.74,5,rotation (out of top-N),2025-07-07,137.47,5.0,1.78,4.6,4.6,8.92,3.81,0,2025-07-14,145.01,3.7,2.91,4.2,5.3,14.55,1.7,7
SELL,265,CCL,2025-07-15,28.91,3917.04,2025-07-08,29.3,57.38,56.62,-1527.64,-1584.27,-1.38,5,rotation (out of top-N),2025-07-07,28.36,4.6,4.6,3.6,3.8,22.99,2.46,14,2025-07-14,29.23,3.9,5,3.4,4.1,25.54,1.44,21
SELL,266,PLTR,2025-07-22,150.82,786.52,2025-07-15,148.98,58.59,59.31,1447.19,1387.88,1.18,5,rotation (out of top-N),2025-07-14,153.53,4.6,5,-1,1.4,61.59,2.35,826,2025-07-21,158.84,4.2,5,-1,1.8,62.23,1.84,833
SELL,267,LITE,2025-07-29,109.03,1207.37,2025-07-15,97.05,58.59,65.82,14464.33,14398.51,12.29,10,rotation (out of top-N),2025-07-14,102.22,4.5,5,3.0,3.1,31.62,2.11,28,2025-07-28,106.69,3.9,5,2.6,3.4,33.9,1.33,42
SELL,268,AMD,2025-08-26,168.65,762.12,2025-07-15,153.75,58.59,64.27,11355.55,11291.28,9.64,30,rotation (out of top-N),2025-07-14,157.0,4.6,5,3.2,3.5,30.43,1.94,14,2025-08-25,162.69,4.1,5,2.5,2.6,31.24,2.25,56
SELL,269,PTC,2025-07-22,199.76,613.05,2025-07-15,191.13,58.59,61.23,5287.57,5226.33,4.46,5,rotation (out of top-N),2025-07-14,199.6,4.5,2.79,4.3,4.8,13.97,2.64,0,2025-07-21,204.46,3.3,3.28,4.1,5.6,16.42,0.9,7
SELL,270,IVZ,2025-07-29,21.04,6314.45,2025-07-22,19.39,61.22,66.43,10418.85,10352.42,8.46,5,rotation (out of top-N),2025-07-21,21.07,6.2,5,3.2,2.2,34.08,3.95,7,2025-07-28,19.92,3.9,5,3.5,4.3,26.06,1.27,14
SELL,271,FIX,2025-08-05,709.01,228.95,2025-07-22,534.78,61.22,81.16,39889.76,39808.6,32.51,10,rotation (out of top-N),2025-07-21,686.99,4.5,5,0.2,3.1,54.8,1.26,63,2025-08-04,691.38,5.0,5,0.2,2.0,50.47,2.61,77
SELL,272,SMCI,2025-08-05,58.81,2361.83,2025-07-22,51.84,61.22,69.45,16461.96,16392.51,13.39,10,rotation (out of top-N),2025-07-21,54.47,5.2,5,1.9,2.0,42.78,3.06,56,2025-08-04,44.57,4.1,2.95,2.1,2.8,14.73,3.84,70
SELL,273,WDC,2025-08-05,77.74,1994.67,2025-07-29,69.6,69.41,77.53,16236.6,16159.06,11.64,5,rotation (out of top-N),2025-07-28,76.36,5.0,5,-0.0,2.6,57.63,1.92,70,2025-08-04,74.74,5.2,5,0.1,1.9,51.93,2.77,77
SELL,274,GNRC,2025-08-05,196.46,884.26,2025-07-29,157.0,69.41,86.86,34892.92,34806.05,25.07,5,rotation (out of top-N),2025-07-28,193.7,4.5,5,3.4,4.2,32.79,1.23,0,2025-08-04,196.32,5.0,5,3.2,3.5,33.96,2.09,7
SELL,275,VRT,2025-08-05,140.48,968.6,2025-07-29,143.33,69.41,68.03,-2760.5,-2828.53,-2.04,5,rotation (out of top-N),2025-07-28,141.46,4.5,5,3.1,3.0,27.22,2.58,35,2025-08-04,139.75,4.9,4.95,3.1,2.5,24.76,3.55,42
SELL,276,ANET,2025-08-19,137.3,1263.97,2025-08-05,121.13,76.55,86.77,20438.42,20351.65,13.29,10,rotation (out of top-N),2025-08-04,139.21,5.6,5,2.7,2.7,39.6,2.91,21,2025-08-18,133.23,4.0,5,2.9,3.4,31.09,1.55,35
SELL,277,FSLR,2025-08-12,184.1,834.68,2025-08-05,183.43,76.55,76.83,559.23,482.4,0.32,5,rotation (out of top-N),2025-08-04,184.75,5.2,2.43,4.2,3.7,12.14,4.28,14,2025-08-11,199.7,3.9,4.22,3.6,4.3,21.11,1.8,21
SELL,278,COHR,2025-08-12,114.72,1424.1,2025-08-05,107.51,76.55,81.68,10260.63,10178.95,6.65,5,rotation (out of top-N),2025-08-04,115.5,5.9,5,2.9,2.1,34.24,3.84,21,2025-08-11,93.55,3.6,1.85,4.1,5.0,9.25,2.38,28
SELL,279,IDXX,2025-08-12,652.33,225.67,2025-08-05,678.46,76.55,73.6,-5895.55,-5969.15,-3.9,5,rotation (out of top-N),2025-08-04,658.56,5.7,5,0.5,0.6,41.9,5.13,84,2025-08-11,651.78,3.2,5,0.5,2.8,38.81,1.09,91
SELL,280,LITE,2025-09-30,162.09,1371.05,2025-08-05,111.67,76.55,111.12,69135.06,69023.94,45.08,39,rotation (out of top-N),2025-08-04,116.31,5.8,5,2.0,1.7,43.68,3.72,49,2025-09-29,163.76,4.6,5,-0.8,1.9,76.31,2.07,105
SELL,281,WDC,2025-08-19,75.62,2073.71,2025-08-12,74.61,77.36,78.41,2094.44,2016.04,1.3,5,rotation (out of top-N),2025-08-11,74.91,4.3,5,0.1,2.5,50.17,1.71,84,2025-08-18,76.78,4.0,5,-0.1,2.5,51.32,1.41,91
SELL,282,EXPE,2025-08-19,204.04,806.67,2025-08-12,191.8,77.36,82.3,9873.63,9791.34,6.33,5,rotation (out of top-N),2025-08-11,205.83,5.3,3.49,3.8,3.1,17.43,4.24,21,2025-08-18,213.05,3.4,4.19,3.5,4.7,20.96,1.16,28
SELL,283,GNRC,2025-08-19,198.55,782.58,2025-08-12,197.71,77.36,77.69,661.28,583.59,0.38,5,rotation (out of top-N),2025-08-11,198.53,4.3,5,3.0,4.0,35.26,1.21,14,2025-08-18,194.59,4.0,5,3.0,3.9,32.29,1.07,21
SELL,284,FSLR,2025-08-26,199.04,754.34,2025-08-19,215.39,81.24,75.07,-12333.51,-12408.59,-7.64,5,rotation (out of top-N),2025-08-18,202.34,5.7,4.5,3.4,2.3,22.49,5.42,28,2025-08-25,195.17,4.1,3.6,3.5,3.8,17.99,2.7,35
SELL,285,DHI,2025-08-26,166.98,983.29,2025-08-19,165.24,81.24,82.09,1710.92,1628.82,1.0,5,rotation (out of top-N),2025-08-18,169.09,4.2,5,3.5,4.0,25.92,1.76,14,2025-08-25,168.0,4.2,4.99,3.4,3.9,24.94,1.9,21
SELL,286,AES,2025-08-26,13.02,12527.22,2025-08-19,12.97,81.24,81.55,626.36,544.81,0.34,5,rotation (out of top-N),2025-08-18,13.0,4.1,3.45,3.7,4.1,17.24,2.56,28,2025-08-25,13.07,3.4,3.52,3.5,4.5,17.59,1.67,35
SELL,287,INTC,2025-09-09,24.52,6506.93,2025-08-19,24.97,81.24,79.79,-2895.58,-2975.37,-1.83,14,rotation (out of top-N),2025-08-18,24.8,5.7,3.12,4.1,3.3,15.6,4.71,7,2025-09-08,24.06,3.1,2.34,3.9,5.4,11.7,1.5,28
SELL,288,ANET,2025-09-09,140.68,1138.08,2025-08-26,133.05,75.71,80.05,8677.89,8597.84,5.68,9,rotation (out of top-N),2025-08-25,136.52,4.3,5,2.6,3.0,33.18,1.96,42,2025-09-08,139.37,4.1,5,2.4,2.7,33.59,2.1,56
SELL,289,WDC,2025-09-09,92.82,1916.98,2025-08-26,78.99,75.71,88.97,26511.79,26422.82,17.45,9,rotation (out of top-N),2025-08-25,80.15,4.3,5,-0.4,2.2,55.28,1.7,98,2025-09-08,97.55,4.5,5,-0.9,1.8,80.94,2.01,112
SELL,290,APA,2025-09-09,21.8,7033.07,2025-08-26,21.53,75.71,76.66,1898.93,1822.27,1.2,9,rotation (out of top-N),2025-08-25,22.6,4.3,3.71,4.0,4.6,18.53,2.2,7,2025-09-08,22.23,4.4,3.22,3.8,4.1,16.1,2.85,21
SELL,291,CSX,2025-09-09,32.08,4752.73,2025-08-26,31.86,75.71,76.23,1045.6,969.37,0.64,9,rotation (out of top-N),2025-08-25,32.2,4.2,0.42,4.1,4.1,2.12,4.38,49,2025-09-08,32.14,1.9,0.47,2.8,5.9,2.34,1.28,63
SELL,292,MU,2025-09-16,157.96,1247.85,2025-09-09,131.6,82.11,98.56,32893.44,32794.89,19.97,5,rotation (out of top-N),2025-09-08,156.98,5.1,5,-0.2,1.6,54.23,2.85,91,2025-09-15,162.46,4.8,5,-0.5,1.8,57.28,2.3,98
SELL,293,FSLR,2025-09-16,207.38,802.96,2025-09-09,204.51,82.11,83.26,2296.47,2213.21,1.35,5,rotation (out of top-N),2025-09-08,201.7,4.8,4.34,3.1,2.5,21.69,3.76,49,2025-09-15,212.29,4.0,5,2.7,2.8,27.84,2.29,56
SELL,294,APP,2025-09-16,595.36,300.05,2025-09-09,547.3,82.11,89.32,14417.3,14327.98,8.72,5,rotation (out of top-N),2025-09-08,582.04,6,5,-1,0.0,62.08,4.87,854,2025-09-15,649.32,4.5,5,-1,1.5,76.82,2.19,861
SELL,295,AVGO,2025-09-16,363.34,472.04,2025-09-09,347.89,82.11,85.76,7293.0,7207.25,4.39,5,rotation (out of top-N),2025-09-08,357.81,5.5,5,-0.5,0.0,50.32,5.12,140,2025-09-15,343.13,3.3,5,-0.1,1.9,42.34,1.71,147
SELL,296,CIEN,2025-09-23,140.48,1383.93,2025-09-09,118.66,82.11,97.21,30197.45,30100.24,18.33,10,rotation (out of top-N),2025-09-08,131.25,5.4,5,-0.3,2.1,60.59,2.5,77,2025-09-22,141.99,4.5,5,-0.5,2.5,68.41,1.45,91
SELL,297,TSLA,2025-09-30,442.23,471.1,2025-09-09,348.58,82.11,104.17,44116.59,44012.42,26.8,15,rotation (out of top-N),2025-09-08,396.0,5.0,3.88,4.0,4.1,19.39,2.99,0,2025-09-29,429.86,4.6,5,3.2,3.2,29.52,2.24,21
SELL,298,WBD,2025-10-07,19.04,9478.61,2025-09-16,18.82,89.19,90.24,2085.29,1995.06,1.12,15,rotation (out of top-N),2025-09-15,19.33,6.5,5,-0.5,0.5,77.44,5.36,91,2025-10-06,17.11,3.9,5,-0.3,1.8,49.0,1.96,112
SELL,299,ANET,2025-09-23,145.02,1222.96,2025-09-16,145.87,89.19,88.68,-1033.4,-1122.08,-0.63,5,rotation (out of top-N),2025-09-15,149.49,5.4,5,0.8,1.6,42.03,3.48,63,2025-09-22,142.48,3.8,5,1.1,2.6,34.42,1.92,70
SELL,300,STX,2025-09-23,227.98,849.91,2025-09-16,209.89,89.19,96.88,15374.86,15277.98,8.56,5,rotation (out of top-N),2025-09-15,219.63,5.2,5,-0.9,1.1,87.61,3.1,112,2025-09-22,215.87,4.2,5,-1.0,1.8,79.4,1.81,119
SELL,301,ORCL,2025-09-30,281.08,572.49,2025-09-16,311.6,89.19,80.46,-17472.35,-17552.81,-9.84,10,rotation (out of top-N),2025-09-15,306.43,5.4,5,-0.6,1.3,63.74,3.05,98,2025-09-29,283.71,3.9,5,-0.2,1.7,47.05,2.17,112
SELL,302,APP,2025-10-14,576.86,293.91,2025-09-23,641.15,94.22,84.77,-18895.53,-18980.3,-10.07,15,rotation (out of top-N),2025-09-22,669.65,4.7,5,-1,1.3,78.36,2.62,868,2025-10-13,599.26,4.6,5,-0.6,0.9,51.08,3.14,889
SELL,303,TER,2025-09-30,133.69,1383.87,2025-09-23,136.17,94.22,92.5,-3431.99,-3524.49,-1.87,5,rotation (out of top-N),2025-09-22,135.14,5.3,5,2.7,2.2,34.3,3.3,35,2025-09-29,145.45,4.6,5,2.1,3.2,43.92,1.7,42
SELL,304,INTC,2025-11-04,38.14,6500.21,2025-09-23,28.99,94.22,123.96,59476.88,59352.92,31.5,30,rotation (out of top-N),2025-09-22,35.48,5.9,5,1.3,2.7,60.04,2.45,42,2025-11-03,38.15,4.7,5,-0.1,2.2,53.9,2.08,84
SELL,305,WDC,2025-10-28,126.18,1648.97,2025-09-30,117.65,97.0,104.03,14065.7,13961.67,7.2,20,rotation (out of top-N),2025-09-29,131.09,5.2,5,-1,0.8,120.82,3.23,133,2025-10-27,150.04,4.9,5,-1,1.1,120.71,2.79,161
SELL,306,STX,2025-10-07,243.44,858.83,2025-09-30,225.89,97.0,104.54,15072.47,14967.93,7.72,5,rotation (out of top-N),2025-09-29,251.64,5.0,5,-1,1.0,102.15,2.99,126,2025-10-06,213.45,5.2,5,-1,0.8,67.23,3.28,133
SELL,307,HOOD,2025-10-21,135.19,1430.53,2025-09-30,135.62,97.0,96.7,-607.97,-704.67,-0.36,15,rotation (out of top-N),2025-09-29,148.63,5.2,5,-1,0.8,100.98,3.27,658,2025-10-20,139.79,5.0,5,-1,1.0,72.73,3.05,679
SELL,308,CIEN,2025-10-07,153.92,1339.88,2025-09-30,144.79,97.0,103.12,12233.1,12129.98,6.25,5,rotation (out of top-N),2025-09-29,151.37,5.0,5,-0.6,1.8,76.15,2.38,98,2025-10-06,155.86,5.1,5,-0.8,1.4,77.65,2.75,105
SELL,309,MU,2025-10-14,186.82,1018.91,2025-10-07,194.84,99.26,95.18,-8171.65,-8266.83,-4.16,5,rotation (out of top-N),2025-10-06,181.29,5.7,5,-1.0,0.4,65.17,3.96,119,2025-10-13,202.15,5.3,5,-1,0.7,79.95,3.41,126
SELL,310,AMD,2025-10-21,239.52,924.01,2025-10-07,214.85,99.26,110.66,22795.42,22684.76,11.43,10,rotation (out of top-N),2025-10-06,214.75,6.4,5,-0.6,0.4,65.45,8.2,98,2025-10-20,252.84,4.6,5,-0.9,1.7,85.89,2.22,112
SELL,311,LITE,2026-01-27,341.76,1233.15,2025-10-07,160.99,99.26,210.72,222922.14,222711.42,112.18,76,rotation (out of top-N),2025-10-06,149.57,5.9,5,-0.8,0.3,58.47,4.21,112,2026-01-26,391.71,6.0,5,-1,0.0,110.33,4.46,224
SELL,312,VRT,2025-10-21,175.15,1050.92,2025-10-14,171.2,89.96,92.03,4151.15,4059.11,2.26,5,rotation (out of top-N),2025-10-13,173.85,5.6,5,-0.3,0.1,49.58,5.42,112,2025-10-20,185.97,4.8,5,-0.9,1.2,58.3,2.78,119
SELL,313,CIEN,2025-10-21,173.02,1117.02,2025-10-14,161.07,89.96,96.63,13348.36,13251.73,7.37,5,rotation (out of top-N),2025-10-13,170.96,5.7,5,-0.9,0.6,90.05,3.87,112,2025-10-20,179.16,5.0,5,-1.0,1.1,94.08,2.91,119
SELL,314,STX,2025-11-25,250.09,934.62,2025-10-21,211.7,98.93,116.87,35880.08,35763.21,18.08,25,rotation (out of top-N),2025-10-20,233.11,5.8,5,-1,0.2,73.31,4.22,147,2025-11-24,275.43,5.4,5,-1,0.6,78.0,3.64,182
SELL,315,APP,2025-10-28,646.0,348.48,2025-10-21,567.78,98.93,112.56,27256.25,27143.69,13.72,5,rotation (out of top-N),2025-10-20,620.1,5.3,5,-0.7,0.4,53.64,3.93,896,2025-10-27,637.47,4.5,5,-0.8,1.3,55.31,2.61,903
SELL,316,COHR,2025-10-28,133.06,1626.86,2025-10-21,121.62,98.93,108.24,18619.45,18511.21,9.36,5,rotation (out of top-N),2025-10-20,129.35,5.4,5,-0.1,0.8,48.45,3.87,98,2025-10-27,131.95,5.1,5,-0.3,0.9,50.07,3.59,105
SELL,317,ALB,2025-11-04,90.98,2121.59,2025-10-21,93.26,98.93,96.51,-4837.22,-4933.73,-2.49,10,rotation (out of top-N),2025-10-20,105.06,5.3,5,1.8,2.0,44.67,3.04,56,2025-11-03,96.63,4.2,5,1.2,2.0,31.91,2.68,70
SELL,318,FIX,2025-11-04,954.52,223.96,2025-10-28,966.55,108.23,106.89,-2694.24,-2801.13,-1.29,5,rotation (out of top-N),2025-10-27,963.68,6,5,-1,0.0,73.02,5.19,161,2025-11-03,954.65,4.0,5,-1,2.0,67.5,1.52,168
SELL,319,HOOD,2025-11-04,139.9,1483.12,2025-10-28,145.96,108.23,103.74,-8980.3,-9084.05,-4.2,5,rotation (out of top-N),2025-10-27,146.75,5.5,5,-1,0.5,76.12,3.69,686,2025-11-03,130.36,4.6,5,-0.6,1.1,52.85,2.86,693
SELL,320,TER,2025-11-18,165.07,1488.89,2025-10-28,145.39,108.23,122.89,29301.26,29178.38,13.48,15,rotation (out of top-N),2025-10-27,181.46,5.2,5,-0.2,2.4,76.71,2.09,70,2025-11-17,158.58,5.1,5,0.1,1.3,48.3,3.28,91
SELL,321,WDC,2025-12-09,168.94,1425.09,2025-11-04,151.16,107.71,120.38,25338.09,25217.71,11.71,24,rotation (out of top-N),2025-11-03,162.8,6,5,-1,0.0,129.47,6.66,168,2025-12-08,176.27,4.8,5,-1,1.2,106.42,2.69,203
SELL,322,MU,2025-11-11,247.95,970.43,2025-11-04,221.98,107.71,120.31,25202.12,25081.81,11.64,5,rotation (out of top-N),2025-11-03,237.7,5.3,5,-1,0.7,95.05,3.48,147,2025-11-10,246.66,5.5,5,-1,0.5,96.18,3.81,154
SELL,323,FSLR,2025-11-11,270.09,846.9,2025-11-04,254.36,107.71,114.37,13321.68,13207.31,6.13,5,rotation (out of top-N),2025-11-03,267.63,5.8,5,-0.3,0.2,51.7,4.71,105,2025-11-10,253.09,4.9,5,0.0,0.5,41.75,3.96,112
SELL,324,COHR,2026-05-05,329.17,1710.47,2025-11-04,125.94,107.71,281.52,347618.66,347337.14,161.24,124,rotation (out of top-N),2025-11-03,154.51,5.2,5,-0.9,1.1,72.58,3.06,112,2026-05-04,335.15,5.4,5,-1,0.6,77.5,3.63,294
SELL,325,ALB,2025-12-16,131.25,2310.32,2025-11-11,101.57,117.33,151.61,68570.29,68418.68,29.16,24,rotation (out of top-N),2025-11-10,114.52,6.3,5,0.0,0.9,54.29,4.25,77,2025-12-15,145.45,4.7,5,-0.9,1.6,79.85,2.37,112
SELL,326,CIEN,2026-02-24,342.05,1143.06,2025-11-11,205.29,117.33,195.49,156325.15,156129.66,66.53,70,rotation (out of top-N),2025-11-10,191.64,5.8,5,-1,0.2,91.65,4.18,140,2026-02-23,348.66,5.4,5,-1,0.6,108.97,3.55,245
SELL,327,MU,2025-12-23,275.48,1044.81,2025-11-18,235.22,122.88,143.91,42063.88,41919.97,17.06,24,rotation (out of top-N),2025-11-17,207.19,6,5,-1,0.0,61.32,5.3,161,2025-12-22,284.5,4.9,5,-1,1.1,92.14,2.82,196
SELL,328,TER,2025-12-02,186.39,1420.49,2025-11-25,164.47,116.81,132.38,31137.2,31004.82,13.27,4,rotation (out of top-N),2025-11-24,181.69,5.7,5,-0.6,1.1,67.32,3.46,98,2025-12-01,200.62,4.5,5,-0.8,2.0,80.95,1.86,105
SELL,329,STX,2025-12-09,281.93,969.08,2025-12-02,273.06,132.31,136.61,8595.76,8459.16,3.2,5,rotation (out of top-N),2025-12-01,277.73,4.7,5,-1,1.3,74.47,2.55,189,2025-12-08,286.3,4.8,5,-1,1.2,74.37,2.66,196
SELL,330,WBD,2025-12-16,29.49,9346.43,2025-12-09,27.48,128.4,137.81,18833.06,18695.25,7.28,5,rotation (out of top-N),2025-12-08,29.98,5.6,5,-1,0.4,108.04,3.88,175,2025-12-15,27.82,3.8,5,-1,2.2,87.32,1.24,182
SELL,331,COO,2025-12-16,81.36,3285.48,2025-12-09,78.16,128.4,133.65,10513.54,10379.89,4.04,5,rotation (out of top-N),2025-12-08,82.11,5.5,2.1,4.5,3.9,10.51,4.94,0,2025-12-15,82.76,3.3,2.27,4.3,5.9,11.34,1.27,7
SELL,332,STX,2026-02-24,409.26,984.69,2025-12-16,286.24,140.93,201.5,121136.63,120935.13,42.91,46,rotation (out of top-N),2025-12-15,295.05,5.7,5,-1,0.3,74.16,4.08,203,2026-02-23,407.25,5.3,5,-1,0.7,70.83,3.52,273
SELL,333,WDC,2026-03-10,269.33,1636.81,2025-12-16,172.2,140.93,220.42,158982.87,158762.45,56.33,56,rotation (out of top-N),2025-12-15,181.06,5.9,5,-1,0.1,103.87,4.29,210,2026-03-09,272.29,6.0,5,-1,0.0,82.87,4.44,294
SELL,334,APP,2025-12-23,730.94,422.12,2025-12-16,667.73,140.93,154.27,26684.1,26529.83,9.41,5,rotation (out of top-N),2025-12-15,721.63,5.4,5,-0.9,0.5,58.26,3.74,952,2025-12-22,714.08,4.5,5,-0.7,1.2,53.25,2.74,959
SELL,335,ALB,2026-01-06,150.45,2014.98,2025-12-23,147.94,149.05,151.58,5057.59,4906.02,1.65,8,rotation (out of top-N),2025-12-22,149.66,5.2,5,-1.0,0.9,80.95,3.22,119,2026-01-05,160.89,4.7,5,-1,1.3,84.71,2.5,133
SELL,336,MRNA,2025-12-30,31.14,8551.23,2025-12-23,34.86,149.05,133.14,-31810.57,-31943.71,-10.72,4,rotation (out of top-N),2025-12-22,31.2,5.4,2.93,4.2,3.6,14.64,4.22,7,2025-12-29,30.87,3.8,2.69,4.1,5.0,13.45,2.07,14
SELL,337,MU,2026-01-06,318.32,903.72,2025-12-30,294.69,133.16,143.84,21354.89,21211.06,7.96,4,rotation (out of top-N),2025-12-29,315.25,4.3,5,-1,1.7,105.05,1.99,203,2026-01-05,344.83,4.7,5,-1,1.3,114.51,2.59,210
SELL,338,INTC,2026-01-27,43.96,7405.52,2026-01-06,39.86,147.59,162.77,30362.62,30199.85,10.23,14,rotation (out of top-N),2026-01-05,45.5,5.5,5,-1,0.5,60.13,3.74,147,2026-01-26,46.46,4.6,5,-0.6,1.0,52.79,2.97,168
SELL,339,HAL,2026-01-13,32.13,9329.45,2026-01-06,31.64,147.59,149.88,4571.43,4421.56,1.5,5,rotation (out of top-N),2026-01-05,32.47,5.5,5,0.7,1.0,39.47,4.15,77,2026-01-12,32.41,3.7,5,0.7,2.4,37.45,1.81,84
SELL,340,MRNA,2026-02-10,42.34,8760.8,2026-01-13,34.22,149.88,185.49,71225.33,71039.84,23.7,19,rotation (out of top-N),2026-01-12,41.83,6.8,5,2.0,1.8,50.3,4.09,28,2026-02-09,42.18,5.3,5,2.0,1.9,42.32,3.18,56
SELL,341,MU,2026-02-03,441.31,927.27,2026-01-27,402.47,186.6,204.61,36015.14,35810.53,9.6,5,rotation (out of top-N),2026-01-26,414.8,5.3,5,-1,0.7,124.54,3.42,231,2026-02-02,394.43,5.5,5,-1,0.5,104.81,3.75,238
SELL,342,ALB,2026-02-10,164.2,1980.04,2026-01-27,188.48,186.6,162.56,-48075.39,-48237.95,-12.93,10,rotation (out of top-N),2026-01-26,170.16,4.9,5,-1,1.1,77.19,2.79,154,2026-02-09,166.07,4.6,5,-1,1.4,63.85,2.43,168
SELL,343,LITE,2026-03-10,677.07,902.55,2026-02-03,453.36,204.59,305.54,201910.31,201604.77,49.27,24,rotation (out of top-N),2026-02-02,552.0,6,5,-1,0.0,178.14,8.44,231,2026-03-09,622.14,6,5,-1,0.0,133.06,5.66,266
SELL,344,TER,2026-02-24,323.24,1116.15,2026-02-10,311.61,173.9,180.39,12980.83,12800.44,3.68,9,rotation (out of top-N),2026-02-09,314.49,5.4,5,-1,0.6,111.34,3.53,175,2026-02-23,320.2,4.9,5,-1,1.1,98.94,2.79,189
SELL,345,GLW,2026-03-03,150.91,2685.54,2026-02-10,129.51,173.9,202.64,57470.47,57267.83,16.47,14,rotation (out of top-N),2026-02-09,132.96,5.4,5,-1,0.6,76.77,3.62,259,2026-03-02,123.12,5.3,5,-0.5,0.2,50.29,4.21,280
SELL,346,FIX,2026-03-03,1355.16,272.32,2026-02-24,1412.5,192.33,184.52,-15614.84,-15799.36,-4.11,5,rotation (out of top-N),2026-02-23,1428.64,5.9,5,-1,0.1,67.15,4.29,280,2026-03-02,1279.35,4.0,5,-0.3,1.3,46.26,2.58,287
SELL,347,TPL,2026-03-17,532.06,765.25,2026-02-24,502.65,192.33,203.58,22505.96,22302.38,5.8,15,rotation (out of top-N),2026-02-23,522.69,7.6,5,1.9,1.8,57.11,5.06,14,2026-03-16,518.85,5.5,5,1.9,2.9,50.68,2.3,35
SELL,348,MRNA,2026-03-24,50.65,7660.87,2026-02-24,50.21,192.33,194.01,3370.78,3176.77,0.83,20,rotation (out of top-N),2026-02-23,53.61,6.8,5,-0.2,0.8,73.24,5.76,70,2026-03-23,49.6,5.4,5,-0.1,0.8,48.36,3.86,98
SELL,349,LYB,2026-04-14,74.17,6985.33,2026-03-03,55.41,193.53,259.05,131044.83,130785.78,33.79,29,rotation (out of top-N),2026-03-02,66.44,5.4,5,3.1,2.8,32.9,3.02,14,2026-04-13,65.62,3.8,4.92,2.8,3.1,24.61,2.3,56
SELL,350,CIEN,2026-04-21,509.37,1144.02,2026-03-03,338.33,193.53,291.37,195673.67,195382.3,50.48,34,rotation (out of top-N),2026-03-02,293.96,5.5,5,-1,0.5,70.71,3.8,252,2026-04-20,520.84,4.7,5,-1,1.3,120.75,2.6,301
SELL,351,DOW,2026-03-17,35.84,15288.88,2026-03-10,34.38,262.82,273.98,22321.77,22047.79,4.19,5,rotation (out of top-N),2026-03-09,36.24,6.4,5,2.0,1.2,44.38,4.99,49,2026-03-16,36.29,4.9,5,1.9,2.5,43.45,2.42,56
SELL,352,CF,2026-03-31,133.96,4816.12,2026-03-10,109.14,262.82,322.58,119536.21,119213.63,22.68,15,rotation (out of top-N),2026-03-09,129.08,6.7,5,2.1,1.4,46.08,5.99,35,2026-03-30,129.43,5.3,5,2.0,1.9,42.26,3.18,56
SELL,353,WDC,2026-03-24,294.51,1655.62,2026-03-17,288.31,238.67,243.8,10264.87,10021.07,2.1,5,rotation (out of top-N),2026-03-16,293.02,5.6,5,-1,0.4,89.25,3.84,301,2026-03-23,275.49,5.7,5,-1,0.3,71.92,3.99,308
SELL,354,LITE,2026-05-05,975.83,799.06,2026-03-17,597.38,238.67,389.87,302406.04,302016.17,63.27,34,rotation (out of top-N),2026-03-16,705.64,6,5,-1,0.0,149.77,5.31,273,2026-05-04,903.12,5.9,5,-1,0.1,116.67,4.35,322
SELL,355,TER,2026-03-31,278.39,1457.5,2026-03-24,300.25,218.81,202.88,-31861.04,-32063.91,-7.33,5,rotation (out of top-N),2026-03-23,295.72,5.7,5,-1,0.3,63.13,4.01,217,2026-03-30,309.25,5.8,5,-1,0.2,65.59,4.23,224
SELL,356,DOW,2026-04-07,40.37,12162.74,2026-03-24,35.98,218.81,245.51,53394.45,53148.94,12.15,9,rotation (out of top-N),2026-03-23,40.41,5.8,5,0.1,2.0,57.56,2.91,63,2026-04-06,38.6,4.9,5,0.4,1.8,46.65,2.83,77
SELL,357,WDC,2026-04-21,377.84,2054.6,2026-03-31,255.6,262.58,388.15,251153.83,250765.67,47.75,14,rotation (out of top-N),2026-03-30,294.97,6,5,-1,0.0,77.65,5.07,315,2026-04-20,403.94,4.9,5,-1,1.1,113.68,2.91,336
SELL,358,GLW,2026-04-07,143.64,4002.4,2026-03-31,131.21,262.58,287.45,49749.82,49462.37,9.42,4,rotation (out of top-N),2026-03-30,147.66,6,5,-1,0.0,63.42,5.31,308,2026-04-06,170.96,5.0,5,-1,1.0,83.2,3.05,315
SELL,359,STX,2026-04-14,520.71,1184.41,2026-04-07,449.75,266.34,308.36,84039.6,83731.24,15.72,5,rotation (out of top-N),2026-04-06,503.37,5.7,5,-1,0.3,79.64,4.07,315,2026-04-13,547.41,4.3,5,-1,1.7,88.6,1.97,322
SELL,360,SNDK,2026-04-28,1026.99,737.2,2026-04-07,722.59,266.34,378.55,224409.95,224031.4,42.06,15,rotation (out of top-N),2026-04-06,851.04,5.4,5,-1,0.6,183.22,3.58,999,2026-04-27,1188.14,5.3,5,-1,0.7,217.11,3.46,999
SELL,361,DELL,2026-04-28,209.53,3057.22,2026-04-14,185.5,283.56,320.29,73464.88,73144.59,12.9,10,rotation (out of top-N),2026-04-13,195.96,5.7,5,2.2,2.1,42.56,3.36,42,2026-04-27,210.24,5.1,5,1.6,2.5,48.43,2.4,56
SELL,362,ALB,2026-04-21,195.67,2969.8,2026-04-14,190.96,283.56,290.55,13987.77,13697.22,2.42,5,rotation (out of top-N),2026-04-13,197.64,4.8,5,-0.8,1.0,56.25,2.99,231,2026-04-20,188.34,4.9,5,-0.3,0.4,45.67,3.97,238
SELL,363,LYB,2026-04-28,71.99,9371.46,2026-04-21,68.96,323.13,337.33,28395.53,28058.21,4.34,5,rotation (out of top-N),2026-04-20,69.16,5.2,5,1.4,1.3,30.68,4.03,63,2026-04-27,74.18,4.2,5,0.9,2.4,39.2,2.14,70
SELL,364,DOW,2026-04-28,38.56,17556.54,2026-04-21,36.81,323.13,338.49,30723.94,30385.45,4.7,5,rotation (out of top-N),2026-04-20,38.25,5.6,5,0.3,0.5,42.81,4.54,91,2026-04-27,39.89,4.9,5,0.0,1.2,46.79,3.25,98
SELL,365,CF,2026-04-28,125.81,5611.32,2026-04-21,115.17,323.13,352.98,59704.48,59351.5,9.18,5,rotation (out of top-N),2026-04-20,120.43,5.0,5,1.2,0.9,29.73,4.22,77,2026-04-27,122.27,3.8,5,1.1,2.0,30.62,2.45,84
SELL,366,FIX,2026-05-05,1959.3,402.69,2026-04-28,1714.87,345.28,394.49,98428.87,98034.38,14.2,5,rotation (out of top-N),2026-04-27,1867.92,5.8,5,-1,0.2,73.84,4.15,343,2026-05-04,1949.24,4.5,5,-1,1.5,76.27,2.3,350
SELL,367,MU,2026-05-05,609.64,1375.17,2026-04-28,502.16,345.28,419.18,147803.51,147384.33,21.34,5,rotation (out of top-N),2026-04-27,542.26,5.7,5,-1,0.3,88.66,4.01,322,2026-05-04,747.1,5.2,5,-1,0.8,146.17,3.34,329
SELL,368,TER,2026-05-05,348.07,1800.67,2026-04-28,383.5,345.28,313.38,-63797.7,-64111.08,-9.28,5,rotation (out of top-N),2026-04-27,345.31,5.4,5,-1,0.6,60.45,3.65,252,2026-05-04,359.67,5.1,5,-1,0.9,62.3,3.19,259
SELL,369,INTC,2026-05-05,100.5,8493.41,2026-04-28,81.31,345.28,426.81,163073.42,162646.61,23.55,5,rotation (out of top-N),2026-04-27,99.66,6.0,5,-1,0.0,139.25,4.44,259,2026-05-04,124.91,4.8,5,-1,1.2,182.0,2.71,266
SELL,370,CIEN,2026-05-05,554.99,1457.82,2026-04-28,473.69,345.28,404.54,118521.06,118116.52,17.1,5,rotation (out of top-N),2026-04-27,535.82,5.3,5,-1,0.7,116.82,3.4,308,2026-05-04,547.53,5.4,5,-1,0.6,111.73,3.61,315
SELL,371,XMTR,2026-06-02,84.99,13903.64,2026-05-05,54.01,375.43,590.84,430804.26,430213.42,57.3,19,rotation (out of top-N),2026-05-04,79.97,6.8,5,2.5,2.8,50.82,3.34,0,2026-06-01,80.51,5.6,5,2.5,2.5,40.98,3.08,28
SELL,372,QCOM,2026-05-12,229.66,4478.9,2026-05-05,167.65,375.43,514.31,277759.29,277244.98,36.92,5,rotation (out of top-N),2026-05-04,219.19,6.6,5,3.0,2.4,39.44,3.91,0,2026-05-11,201.56,6.2,5,3.5,2.2,27.08,6.51,7
SELL,373,DDOG,2026-05-19,210.47,5079.77,2026-05-05,147.81,375.43,534.57,318272.92,317738.35,42.32,10,rotation (out of top-N),2026-05-04,200.23,7.1,5,2.8,2.2,44.48,4.25,0,2026-05-18,222.36,6.5,5,2.0,2.8,55.61,2.89,14
SELL,374,AGL,2026-06-02,89.62,28377.4,2026-05-05,26.46,375.43,1271.66,1792458.53,1791186.87,238.55,19,rotation (out of top-N),2026-05-04,53.99,8.0,5,2.0,2.0,149.85,6.48,0,2026-06-01,96.31,7.0,5,1.5,2.1,248.34,3.66,28
SELL,375,PENG,2026-07-28,49.77,22568.86,2026-05-05,33.27,375.43,561.63,372386.22,371824.59,49.52,57,rotation (out of top-N),2026-05-04,44.23,7.2,5,1.8,2.4,96.61,3.6,14,2026-07-27,54.47,6.4,5,-0.6,0.4,64.52,5.49,98
SELL,376,BAND,2026-05-19,56.52,16689.62,2026-05-05,44.99,375.43,471.65,192431.32,191959.68,25.57,10,rotation (out of top-N),2026-05-04,49.91,7.3,5,1.3,1.3,190.35,7.8,42,2026-05-18,61.4,6.9,5,1.1,1.3,216.64,4.2,56
SELL,377,ARM,2026-05-12,203.19,3569.26,2026-05-05,210.37,375.43,362.62,-25627.31,-25989.93,-3.46,5,rotation (out of top-N),2026-05-04,213.18,6.4,5,2.1,2.4,50.11,3.39,21,2026-05-11,209.14,6.8,5,2.3,1.5,45.46,4.8,28
SELL,378,DELL,2026-05-19,234.76,3626.39,2026-05-12,241.94,438.68,425.67,-26037.5,-26463.16,-3.02,5,rotation (out of top-N),2026-05-11,242.11,6.8,5,-0.2,0.9,63.98,4.44,70,2026-05-18,295.23,6.2,5,-0.3,1.3,94.73,3.7,77
SELL,379,INOD,2026-06-16,100.64,8511.95,2026-05-12,103.08,438.68,428.32,-20726.6,-21154.92,-2.41,24,rotation (out of top-N),2026-05-11,96.0,8.0,5,2.0,2.0,71.4,14.9,0,2026-06-15,95.43,7.0,5,1.8,1.4,51.67,7.22,35
SELL,380,ALAB,2026-07-21,328.0,4507.84,2026-05-19,211.62,476.96,739.29,524645.46,523906.18,54.92,42,rotation (out of top-N),2026-05-18,307.03,7.8,5,1.8,1.8,79.3,6.4,14,2026-07-20,291.59,5.7,5,0.7,0.7,40.44,6.19,77
SELL,381,ARM,2026-07-14,310.09,4556.4,2026-05-19,209.36,476.96,706.45,458965.97,458259.52,48.04,37,rotation (out of top-N),2026-05-18,306.42,7.4,5,1.4,1.4,107.09,5.03,35,2026-07-13,267.1,5.2,5,0.4,0.9,42.08,3.94,91
SELL,382,CRDO,2026-06-02,215.5,6334.6,2026-05-19,150.59,476.96,682.55,411178.91,410496.36,43.03,9,rotation (out of top-N),2026-05-18,218.42,7.2,5,2.1,1.6,50.75,5.46,21,2026-06-01,206.91,6.3,5,2.5,1.4,37.91,8.45,35
SELL,383,DDOG,2026-06-09,232.05,6416.2,2026-06-02,264.25,847.74,744.44,-206601.67,-207346.11,-12.23,5,rotation (out of top-N),2026-06-01,276.95,7.2,5,1.5,1.9,85.49,3.99,28,2026-06-08,229.92,6.2,5,1.8,2.2,51.61,3.28,35
SELL,384,HPE,2026-06-09,49.73,26950.9,2026-06-02,62.91,847.74,670.13,-355212.86,-355882.99,-20.99,5,rotation (out of top-N),2026-06-01,46.12,7.0,5,-0.0,0.9,83.24,4.76,63,2026-06-08,48.03,5.9,5,-0.2,1.7,86.21,3.13,70
SELL,385,NTAP,2026-06-09,171.7,9254.81,2026-06-02,183.2,847.74,794.53,-106430.31,-107224.83,-6.32,5,rotation (out of top-N),2026-06-01,174.86,7.4,5,1.9,1.6,54.98,5.12,21,2026-06-08,161.61,5.5,5,2.4,2.6,41.84,2.88,28
SELL,386,AGL,2026-06-23,106.38,15170.9,2026-06-09,97.03,736.05,806.94,141772.05,140965.11,9.58,9,rotation (out of top-N),2026-06-08,111.27,7.1,5,1.4,1.8,274.85,3.95,35,2026-06-22,117.31,6.6,5,1.2,1.8,244.57,3.57,49
SELL,387,SEZL,2026-06-16,147.13,11646.43,2026-06-09,126.4,736.05,856.77,241430.4,240573.63,16.34,5,rotation (out of top-N),2026-06-08,133.01,6.8,5,1.4,2.0,73.59,3.55,35,2026-06-15,163.3,6.8,5,1.3,1.8,108.1,3.69,42
SELL,388,CRDO,2026-06-30,249.03,6502.53,2026-06-09,226.39,736.05,809.65,147184.81,146375.16,9.94,14,rotation (out of top-N),2026-06-08,250.6,7.3,5,1.3,1.3,64.03,9.06,42,2026-06-29,241.85,6.5,5,0.4,0.9,51.4,5.63,63
SELL,389,COOK,2026-07-14,68.59,17923.14,2026-06-16,71.69,642.45,614.67,-55561.74,-56176.41,-4.37,18,rotation (out of top-N),2026-06-15,70.91,7.2,5,2.4,1.8,47.85,8.67,14,2026-07-13,66.51,6.0,5,2.6,1.3,34.89,7.85,42
SELL,390,CBRL,2026-06-30,53.56,29777.75,2026-06-16,43.15,642.45,797.45,309986.39,309188.94,24.06,9,rotation (out of top-N),2026-06-15,47.15,7.2,5,2.6,1.9,46.66,5.17,7,2026-06-29,53.24,6.6,5,1.7,2.7,63.17,2.97,21
SELL,391,SEZL,2026-06-30,169.07,10829.21,2026-06-23,149.0,806.78,915.47,217396.31,216480.83,13.42,5,rotation (out of top-N),2026-06-22,170.81,7.0,5,1.2,1.3,112.31,4.27,49,2026-06-29,183.37,6.4,5,1.1,1.8,121.11,3.46,56
SELL,392,MNPR,2026-07-07,97.33,17310.19,2026-06-30,97.07,840.15,842.4,4500.65,3658.25,0.22,4,rotation (out of top-N),2026-06-29,97.39,6.9,5,2.9,2.2,41.88,4.14,0,2026-07-06,106.31,5.9,5,2.2,3.6,54.54,1.96,7
SELL,393,FROG,2026-07-07,98.25,18873.41,2026-06-30,89.03,840.15,927.16,174012.88,173085.72,10.3,4,rotation (out of top-N),2026-06-29,94.79,6.9,5,1.2,1.5,62.8,4.01,49,2026-07-06,90.72,5.9,5,1.4,1.9,53.01,3.31,56
SELL,394,AGL,2026-07-07,108.44,14664.22,2026-06-30,114.58,840.15,795.09,-90111.66,-90906.75,-5.41,4,rotation (out of top-N),2026-06-29,111.16,7.1,5,1.1,1.1,207.5,5.7,56,2026-07-06,115.21,6.4,5,-0.0,1.5,200.65,3.71,63
SELL,395,FBRX,2026-08-04,76.71,83036.84,2026-07-07,20.58,854.45,3184.88,4660857.89,4657673.01,272.55,20,rotation (out of top-N),2026-07-06,43.96,8.0,5,2.0,2.0,84.3,4.62,0,2026-08-03,76.6,4.7,5,1.5,4.4,164.49,0.23,28
SELL,396,SEZL,2026-07-28,154.02,9467.58,2026-07-07,180.5,854.45,729.1,-250701.52,-251430.62,-14.71,15,rotation (out of top-N),2026-07-06,179.25,6.9,5,-0.0,1.0,110.2,4.44,63,2026-07-27,158.6,5.1,5,-0.4,2.1,72.86,2.29,84
SELL,397,CRDO,2026-07-14,250.44,6793.47,2026-07-07,251.55,854.45,850.68,-7540.76,-8391.43,-0.49,5,rotation (out of top-N),2026-07-06,257.78,6.8,5,-0.1,0.8,58.54,8.54,70,2026-07-13,202.23,4.9,4.64,1.6,1.4,23.18,5.67,77
SELL,398,MNPR,2026-08-07,122.72,14370.7,2026-07-14,100.71,723.64,881.79,316299.13,315417.35,21.79,18,rotation (out of top-N),2026-07-13,110.3,7.1,5,1.8,2.3,59.13,3.63,14,2026-08-06,115.83,6.1,5,1.5,2.5,57.74,2.77,38
SELL,399,AGL,2026-08-04,92.27,12615.15,2026-07-14,114.72,723.64,582.0,-283273.24,-283855.24,-19.61,15,rotation (out of top-N),2026-07-13,128.43,6.8,5,-0.2,0.9,213.68,4.42,70,2026-08-03,94.03,6.5,5,-0.5,0.5,102.19,4.47,91
SELL,400,CBRL,2026-07-28,52.8,27593.39,2026-07-14,52.45,723.64,728.47,9657.69,8929.22,0.62,10,rotation (out of top-N),2026-07-13,53.59,6.6,5,1.4,2.2,61.47,3.28,35,2026-07-27,52.45,5.8,5,1.5,2.2,54.34,2.92,49
SELL,401,MAN,2026-07-28,54.59,27649.83,2026-07-21,53.5,739.63,754.7,30138.31,29383.61,1.99,5,rotation (out of top-N),2026-07-20,51.34,7.0,5,1.3,1.6,65.52,4.0,42,2026-07-27,52.6,5.8,5,1.2,2.6,66.75,2.43,49
SELL,402,SAFT,2026-08-04,103.22,13432.96,2026-07-28,103.16,692.87,693.28,805.98,112.7,0.01,5,rotation (out of top-N),2026-07-27,103.25,6.4,5,2.7,1.5,37.22,4.66,28,2026-08-03,103.19,3.3,5,2.6,4.3,35.48,0.17,35
SELL,403,BAND,2026-08-04,44.71,24565.58,2026-07-28,56.41,692.87,549.16,-287417.27,-287966.43,-20.78,5,rotation (out of top-N),2026-07-27,59.89,6,5,-1,0.0,90.93,5.06,126,2026-08-03,43.47,4.8,5,0.2,0.0,35.61,9.2,133
SELL,404,TWST,2026-08-04,106.12,16120.8,2026-07-28,85.96,692.87,855.37,324995.4,324140.03,23.39,5,rotation (out of top-N),2026-07-27,92.69,6,5,-1,0.0,72.06,5.62,203,2026-08-03,100.85,6,5,-1,0.0,81.47,4.8,210
SELL,405,ICHR,2026-08-04,75.98,18982.8,2026-07-28,73.0,692.87,721.16,56568.74,55847.58,4.03,5,rotation (out of top-N),2026-07-27,86.31,6,5,-1,0.0,69.82,5.22,203,2026-08-03,80.17,5.7,5,-0.7,0.0,53.4,7.64,210
SELL,406,CBRL,2026-08-07,57.41,38554.32,2026-08-04,56.9,1096.77,1106.7,19855.48,18748.77,0.85,3,rotation (out of top-N),2026-08-03,57.75,6.2,5,1.1,2.0,66.91,3.15,56,2026-08-06,57.94,5.2,5,1.1,2.7,57.53,1.93,59
SELL,407,BAX,2026-08-06,27.45,78862.06,2026-08-04,27.82,1096.77,1082.58,-28390.34,-29472.92,-1.34,2,rotation (out of top-N),2026-08-03,28.11,6.5,5,2.2,1.5,44.04,4.31,35,2026-08-05,27.23,5.3,5,2.6,2.3,36.32,3.19,37
SELL,408,SNOW,2026-08-05,318.05,7144.88,2026-08-04,307.01,1096.77,1136.21,78879.42,77743.21,3.54,1,rotation (out of top-N),2026-08-03,330.4,6.6,5,1.4,1.9,57.9,3.59,42,2026-08-04,330.4,6.2,5,1.4,2.2,57.9,3.08,43
SELL,409,TNET,2026-08-05,69.01,31767.53,2026-08-04,69.05,1096.77,1096.14,-1270.7,-2366.84,-0.11,1,rotation (out of top-N),2026-08-03,70.48,6.7,5,2.6,1.6,41.52,5.05,21,2026-08-04,70.48,6.2,5,2.6,2.1,41.52,3.78,22
SELL,410,MANH,2026-08-05,191.94,11806.6,2026-08-04,185.79,1096.77,1133.08,72610.59,71477.51,3.26,1,rotation (out of top-N),2026-08-03,187.29,6.1,4.43,3.9,2.8,22.15,6.67,0,2026-08-04,190.99,5.2,4.86,3.8,3.6,24.28,2.98,1
SELL,411,CORT,2026-08-11,110.76,19334.08,2026-08-04,113.45,1096.77,1070.72,-52105.35,-53176.07,-2.42,5,rotation (out of top-N),2026-08-03,112.8,7.1,5,1.1,1.1,81.07,6.36,56,2026-08-10,114.28,5.0,5,-0.0,2.9,73.66,1.61,63
SELL,412,HPE,2026-08-06,51.38,42922.74,2026-08-05,52.27,1121.79,1102.69,-38201.24,-39303.93,-1.75,1,rotation (out of top-N),2026-08-04,53.01,6.0,5,-1,0.0,69.95,4.45,127,2026-08-05,53.01,5.5,5,-1,0.5,69.95,3.76,128
SELL,413,AMBA,2026-08-06,80.7,27784.17,2026-08-05,80.75,1121.79,1121.09,-1389.21,-2510.3,-0.11,1,rotation (out of top-N),2026-08-04,82.5,5.9,3.98,3.9,2.9,19.89,4.96,8,2026-08-05,81.09,4.6,3.63,3.9,4.2,18.13,2.74,9
SELL,414,CSW,2026-08-07,353.47,6382.49,2026-08-05,351.52,1121.79,1128.01,12445.85,11317.84,0.5,2,rotation (out of top-N),2026-08-04,350.18,6.1,4.34,3.9,2.8,21.68,4.62,1,2026-08-06,340.52,4.8,3.48,4.1,4.2,17.41,3.04,3
SELL,415,BXC,2026-08-18,84.32,29712.14,2026-08-06,74.15,1101.58,1252.66,302172.45,300919.79,13.66,8,rotation (out of top-N),2026-08-05,69.21,5.7,2.97,4.3,3.5,14.85,4.94,0,2026-08-17,85.44,4.6,5,2.9,3.8,37.49,1.45,12
SELL,416,MBX,2026-08-11,67.53,32399.34,2026-08-06,68.0,1101.58,1093.88,-15389.69,-16483.57,-0.75,3,rotation (out of top-N),2026-08-05,71.76,5.6,5,-1,0.4,80.8,3.84,359,2026-08-10,65.96,4.5,5,-1.0,1.5,59.01,2.3,364
SELL,417,HNGE,2026-08-11,90.08,27803.57,2026-08-06,79.24,1101.58,1252.27,301390.73,300138.45,13.62,3,rotation (out of top-N),2026-08-05,84.11,6.4,5,-0.0,0.7,53.88,5.14,79,2026-08-10,91.58,5.7,5,-0.4,1.5,61.91,3.18,84
SELL,418,ELF,2026-08-11,94.51,22516.42,2026-08-07,92.23,1038.34,1064.01,51337.43,50273.41,2.42,2,rotation (out of top-N),2026-08-06,90.28,5.9,4.14,3.9,2.9,20.69,4.44,3,2026-08-10,95.3,5.5,5,3.6,3.0,26.6,3.36,7
SELL,419,CRL,2026-08-11,275.01,7909.39,2026-08-07,262.56,1038.34,1087.6,98511.43,97423.83,4.69,2,rotation (out of top-N),2026-08-06,260.26,5.6,5,2.7,1.8,34.31,3.81,38,2026-08-10,276.61,4.4,5,2.3,3.2,40.96,1.58,42
SELL,420,AEHR,2026-08-24,95.84,20290.07,2026-08-07,102.35,1038.34,972.3,-132088.38,-133060.68,-6.41,11,rotation (out of top-N),2026-08-06,95.39,5.7,5,-0.7,0.0,54.27,8.97,395,2026-08-21,145.56,5.3,5,-1,0.7,117.46,3.39,410
SELL,421,QLYS,2026-08-18,185.62,11953.77,2026-08-11,186.2,1112.9,1109.43,-6933.19,-8042.62,-0.36,5,rotation (out of top-N),2026-08-10,185.73,5.9,5,1.7,2.7,54.83,2.62,35,2026-08-17,183.21,5.1,5,1.7,3.0,51.48,1.9,42
SELL,422,MNPR,2026-08-24,105.52,19075.22,2026-08-11,116.69,1112.9,1006.41,-212974.86,-213981.27,-9.61,9,rotation (out of top-N),2026-08-10,116.02,5.8,5,1.5,2.6,56.72,2.54,42,2026-08-21,116.03,6.3,5,1.4,1.7,55.13,3.61,53
SELL,423,P,2026-08-24,107.01,21185.92,2026-08-11,105.06,1112.9,1133.55,41312.54,40178.98,1.81,9,rotation (out of top-N),2026-08-10,98.02,6.0,5,2.9,2.0,34.51,3.98,21,2026-08-21,117.14,5.5,5,1.5,3.4,58.98,1.64,32
SELL,424,SNOW,2026-08-18,328.14,6698.65,2026-08-11,332.27,1112.9,1099.06,-27665.41,-28764.47,-1.29,5,rotation (out of top-N),2026-08-10,334.69,5.7,5,1.3,2.6,58.6,2.43,49,2026-08-17,330.16,4.7,5,1.3,3.2,55.11,1.25,56
SELL,425,NET,2026-08-18,303.77,7333.75,2026-08-11,303.5,1112.9,1113.9,2016.78,902.88,0.04,5,rotation (out of top-N),2026-08-10,310.43,5.7,5,0.4,0.8,44.68,4.26,84,2026-08-17,307.11,3.8,5,0.4,2.2,41.55,1.86,91
SELL,426,TEAM,2026-08-24,170.75,14361.03,2026-08-18,159.22,1143.32,1226.11,165582.67,164356.56,7.19,4,rotation (out of top-N),2026-08-17,158.4,5.9,5,2.4,3.7,51.84,1.91,0,2026-08-21,158.4,6.1,5,2.3,3.4,51.84,2.31,4
SELL,427,CRWV,2026-08-24,85.14,22399.32,2026-08-18,102.08,1143.32,953.6,-379444.53,-380398.12,-16.64,4,rotation (out of top-N),2026-08-17,105.97,5.6,3.28,4.2,3.6,16.42,4.19,0,2026-08-21,105.97,4.4,3.28,4.1,4.6,16.42,2.47,4
SELL,428,NBIS,2026-08-24,210.61,8506.19,2026-08-18,268.82,1143.32,895.74,-495145.51,-496041.25,-21.69,4,rotation (out of top-N),2026-08-17,268.83,5.5,5,-1,0.5,74.53,3.76,441,2026-08-21,268.83,5.2,5,-1,0.8,74.53,3.36,445
SELL,429,CRDO,2026-08-24,221.22,8566.9,2026-08-18,266.92,1143.32,947.61,-391421.79,-392369.4,-17.16,4,rotation (out of top-N),2026-08-17,283.11,5.3,5,-0.8,0.8,58.3,3.44,112,2026-08-21,283.11,4.8,5,-0.8,1.3,58.3,2.68,116
SELL,430,IESC,2026-08-25,330.26,42453.38,2026-08-24,335.92,7130.47,7010.33,-240286.13,-247296.46,-1.73,1,rotation (out of top-N),2026-08-21,342.52,-0.6,-8.16,4.0,8.7,-40.82,2.1,466,2026-08-24,324.02,0.8,-8.76,4.2,7.4,-43.81,18.59,469
SELL,431,MNPR,2026-08-27,114.6,17699.29,2026-08-25,113.11,1000.98,1014.17,26371.94,25357.77,1.27,2,rotation (out of top-N),2026-08-24,112.07,5.8,5,1.7,1.8,48.28,3.45,56,2026-08-26,112.07,4.5,5,1.6,3.0,48.28,1.57,58
SELL,432,PAYC,2026-08-27,233.37,8713.11,2026-08-25,229.76,1000.98,1016.69,31410.75,30394.06,1.52,2,rotation (out of top-N),2026-08-24,229.78,5.3,5,1.7,3.9,58.73,1.09,21,2026-08-26,229.78,5.2,5,1.7,4.0,58.73,1.0,23
SELL,433,TEAM,2026-08-27,169.05,11689.63,2026-08-25,171.26,1000.98,988.07,-25834.09,-26822.16,-1.34,2,rotation (out of top-N),2026-08-24,171.26,6.2,5,1.9,3.5,63.19,2.01,7,2026-08-26,171.26,6.0,5,1.8,3.7,63.19,1.68,9
SELL,434,SMCI,2026-08-27,38.6,55387.1,2026-08-25,36.15,1000.98,1068.97,135975.33,134906.36,6.74,2,rotation (out of top-N),2026-08-24,36.08,5.2,3.08,4.1,3.8,15.38,3.89,7,2026-08-26,36.08,4.2,3.08,4.1,4.7,15.38,2.37,9
SELL,435,AEHR,2026-08-27,95.29,20324.53,2026-08-25,98.5,1000.98,968.36,-65241.76,-66210.12,-3.31,2,rotation (out of top-N),2026-08-24,96.48,4.9,5,-0.0,0.1,40.37,4.34,413,2026-08-26,96.48,3.8,5,-0.0,1.2,40.37,2.72,415
SELL,436,TWST,2026-08-27,149.25,13857.32,2026-08-25,144.47,1000.98,1034.1,66237.98,65203.88,3.26,2,rotation (out of top-N),2026-08-24,140.66,5.1,5,-1,0.9,122.65,3.09,231,2026-08-26,140.66,4.5,5,-1,1.5,122.65,2.25,233
SELL,437,MRNA,2026-08-27,144.11,13899.65,2026-08-25,144.03,1000.98,1001.54,1111.97,110.43,0.01,2,rotation (out of top-N),2026-08-24,138.82,6,5,-1,0.0,159.23,7.62,252,2026-08-26,138.82,6,5,-1,0.0,159.23,4.63,254
SELL,438,FBRX,2026-09-01,76.99,184135.93,2026-08-27,76.99,7088.31,7088.31,0.0,-7088.31,-0.05,3,rotation (out of top-N),2026-08-26,76.99,4.2,5,1.2,4.1,97.24,0.02,51,2026-08-31,76.99,4.1,5,1.1,4.1,97.24,0.0,56
SELL,439,ANF,2026-09-03,137.97,14233.52,2026-09-01,142.22,1012.11,981.86,-60492.46,-61474.33,-3.04,2,rotation (out of top-N),2026-08-31,149.82,5.5,5,1.9,3.3,53.47,1.87,28,2026-09-02,149.82,4.9,5,1.8,3.8,53.47,1.11,30
SELL,440,MNPR,2026-09-03,116.75,17883.38,2026-09-01,113.19,1012.11,1043.94,63664.84,62620.9,3.09,2,rotation (out of top-N),2026-08-31,112.64,5.0,5,0.6,2.2,47.21,2.6,63,2026-09-02,112.64,4.2,5,0.6,2.9,47.21,1.45,65
SELL,441,ESTC,2026-09-03,92.15,21084.53,2026-09-01,96.0,1012.11,971.47,-81280.86,-82252.32,-4.06,2,rotation (out of top-N),2026-08-31,97.52,7.3,5,1.8,1.6,55.75,5.4,27,2026-09-02,97.52,5.4,5,1.7,3.4,55.75,1.61,29
SELL,442,PAYC,2026-09-03,240.11,8384.64,2026-09-01,241.42,1012.11,1006.62,-10983.88,-11990.5,-0.59,2,rotation (out of top-N),2026-08-31,239.35,5.1,5,1.5,4.0,63.11,0.87,28,2026-09-02,239.35,4.8,5,1.5,4.2,63.11,0.51,30
SELL,443,VEEV,2026-09-03,282.98,7173.76,2026-09-01,282.17,1012.11,1015.0,5774.88,4759.88,0.24,2,rotation (out of top-N),2026-08-31,285.6,5.2,5,2.3,3.4,46.96,1.84,21,2026-09-02,285.6,4.5,5,2.3,4.1,46.96,0.79,23
SELL,444,TEAM,2026-09-03,191.46,10597.46,2026-09-01,191.01,1012.11,1014.49,4768.86,3754.36,0.19,2,rotation (out of top-N),2026-08-31,194.11,6.1,5,1.8,3.4,83.02,2.02,14,2026-09-02,194.11,5.7,5,1.7,3.7,83.02,1.48,16
SELL,445,MRNA,2026-09-03,145.94,14520.95,2026-09-01,139.4,1012.11,1059.63,95039.6,93979.97,4.64,2,rotation (out of top-N),2026-08-31,140.4,5.3,5,-1,0.7,149.77,3.51,259,2026-09-02,140.4,5.0,5,-1,1.0,149.77,3.05,261
SELL,446,APGE,2026-09-08,135.08,104974.71,2026-09-03,135.07,7089.47,,1049.75,1049.75,0.01,2,end-of-sample mark-to-market,2026-09-02,135.07,1.8,5,0.2,3.0,36.36,0.02,331,,,,,,,,,
