kind,trade_id,symbol,exec_date,exec_price,shares,buy_date,buy_price,buy_fee,sell_fee,gross_pnl,net_pnl,net_return_pct,hold_days,exit_reason,sig_sig_date,sig_sig_w_close,sig_sig_w_ema,sig_sig_w_sma,sig_sig_d_close,sig_sig_d_ema,sig_sig_d_sma,sig_sig_h_close,sig_sig_h_atr,sig_gap_w,sig_atr_dist,sig_freshness_days,sig_emasma_score,sig_mtf_score,sig_early_score,sig_near_score
BUY,3,SMH,2020-03-03,66.03,504.57,,,16.66,,,,,,,2020-03-02,63.54,67.04,60.3,65.78,66.7,69.29,,,5.37,,999,1.07,,1.7,
BUY,2,TLT,2020-03-03,127.13,262.07,,,16.66,,,,,,,2020-03-02,137.84,122.96,114.98,127.23,124.22,118.41,,,19.88,,999,3.98,,1.0,
BUY,1,XLU,2020-03-03,26.94,1236.7,,,16.66,,,,,,,2020-03-02,27.45,27.27,25.77,26.93,27.36,27.59,,,6.52,,999,1.3,,1.7,
BUY,4,VGT,2020-03-10,27.02,1168.16,,,15.78,,,,,,,2020-03-09,26.29,29.13,27.3,25.96,28.63,30.57,,,-3.69,,999,-0.74,,2.2,
BUY,5,XLK,2020-03-10,40.59,777.62,,,15.78,,,,,,,2020-03-09,39.88,43.56,40.49,38.92,42.83,45.6,,,-1.52,,999,-0.3,,2.1,
SELL,3,SMH,2020-03-10,60.48,504.57,2020-03-03,66.03,16.66,15.26,-2800.36,-2815.61,-8.45,5,rotation (out of top-N),2020-03-09,57.4,65.29,60.5,58.25,64.23,68.62,,,-5.13,,999,-1.03,,2.3,
SELL,1,XLU,2020-03-10,26.38,1236.7,2020-03-03,26.94,16.66,16.31,-692.55,-708.86,-2.13,5,rotation (out of top-N),2020-03-09,23.59,26.6,25.76,26.16,27.21,27.72,,,-8.43,,999,-1.69,,2.4,
BUY,7,QQQ,2020-03-17,168.37,161.79,,,13.62,,,,,,,2020-03-16,163.79,196.67,191.99,162.45,186.48,209.23,,,-14.69,,999,-2.94,,2.7,
BUY,6,XLV,2020-03-17,75.06,362.92,,,13.62,,,,,,,2020-03-16,71.17,85.05,84.96,74.49,82.07,89.49,,,-16.24,,999,-3.25,,2.8,
SELL,4,VGT,2020-03-17,23.24,1168.16,2020-03-10,27.02,15.78,13.57,-4415.64,-4429.21,-14.03,5,rotation (out of top-N),2020-03-16,22.41,27.91,27.25,23.13,26.36,29.95,,,-17.77,,999,-3.55,,2.9,
SELL,5,XLK,2020-03-17,35.18,777.62,2020-03-10,40.59,15.78,13.68,-4206.93,-4220.61,-13.37,5,rotation (out of top-N),2020-03-16,33.83,41.79,40.45,34.3,39.54,44.73,,,-16.36,,999,-3.27,,2.8,
BUY,8,XLK,2020-03-24,35.54,720.48,,,12.8,,,,,,,2020-03-23,37.45,41.0,40.46,33.55,36.35,43.31,,,-7.44,,999,-1.49,,2.4,
SELL,6,XLV,2020-03-24,70.55,362.92,2020-03-17,75.06,13.62,12.8,-1636.78,-1649.58,-6.06,5,rotation (out of top-N),2020-03-23,76.8,83.55,84.81,67.47,75.85,86.94,,,-9.44,,999,-1.89,,2.5,
SELL,7,QQQ,2020-03-31,184.17,161.79,2020-03-17,168.37,13.62,14.9,2556.31,2541.41,9.33,10,rotation (out of top-N),2020-03-30,176.33,190.22,191.9,184.66,178.33,199.5,,,-8.11,,999,-1.62,,2.4,
SELL,8,XLK,2020-03-31,38.91,720.48,2020-03-24,35.54,12.8,14.02,2428.01,2413.99,9.43,5,rotation (out of top-N),2020-03-30,36.73,40.22,40.46,39.0,37.45,42.33,,,-9.22,,999,-1.84,,2.5,
BUY,9,QQQ,2020-04-14,199.21,145.04,,,14.45,,,,,,,2020-04-13,207.02,193.71,192.71,195.23,187.22,191.67,,,7.42,,0,1.48,,4.6,
BUY,10,XLK,2020-04-14,41.57,695.04,,,14.45,,,,,,,2020-04-13,42.51,40.7,40.64,40.66,39.21,40.41,,,4.59,,0,0.92,,4.8,
BUY,11,XLV,2020-04-21,88.86,322.57,,,14.33,,,,,,,2020-04-20,90.68,85.74,85.25,90.4,86.77,82.08,,,6.37,,0,1.27,,4.7,
SELL,10,XLK,2020-04-21,41.24,695.04,2020-04-14,41.57,14.45,14.33,-229.36,-243.7,-0.84,5,rotation (out of top-N),2020-04-20,42.21,40.97,40.75,41.8,40.99,39.65,,,3.59,,7,0.72,,4.7,
BUY,12,XLK,2020-04-28,43.1,691.71,,,14.91,,,,,,,2020-04-27,42.34,41.22,40.83,42.57,41.49,39.44,,,3.69,,14,0.74,,4.6,
SELL,11,XLV,2020-04-28,92.47,322.57,2020-04-21,88.86,14.33,14.91,1164.49,1149.57,4.01,5,rotation (out of top-N),2020-04-27,88.46,86.23,85.42,91.85,88.9,82.49,,,3.56,,7,0.71,,4.7,
BUY,13,SMH,2020-06-02,68.17,494.62,,,16.86,,,,,,,2020-06-01,73.57,65.63,63.15,67.84,66.84,63.65,,,16.5,,28,3.3,,3.7,
BUY,14,VGT,2020-06-02,31.41,1073.5,,,16.86,,,,,,,2020-06-01,32.38,29.73,28.14,31.35,30.75,28.79,,,15.07,,28,3.01,,3.8,
SELL,2,TLT,2020-06-02,134.16,262.07,2020-03-03,127.13,16.66,17.58,1842.34,1824.76,5.48,63,rotation (out of top-N),2020-06-01,129.55,134.77,123.16,134.67,135.65,137.66,,,5.19,,999,1.04,,1.7,
SELL,12,XLK,2020-06-02,46.74,691.71,2020-04-28,43.1,14.91,16.17,2517.84,2501.67,8.39,24,rotation (out of top-N),2020-06-01,48.29,44.54,41.98,46.64,45.94,43.26,,,15.03,,49,3.01,,3.4,
BUY,15,XLK,2020-06-09,48.29,742.97,,,17.94,,,,,,,2020-06-08,47.34,45.05,42.2,48.54,47.14,44.29,,,12.17,,56,2.43,,3.5,
SELL,13,SMH,2020-06-09,72.54,494.62,2020-06-02,68.17,16.86,17.94,2161.51,2143.57,6.36,5,rotation (out of top-N),2020-06-08,70.3,66.48,63.49,73.35,70.25,65.29,,,10.73,,35,2.15,,3.9,
BUY,16,SMH,2020-07-14,75.46,493.42,,,18.62,,,,,,,2020-07-13,77.19,71.87,65.65,75.96,75.25,71.34,,,17.58,,70,3.52,,2.0,
SELL,15,XLK,2020-07-14,50.14,742.97,2020-06-09,48.29,17.94,18.63,1374.49,1355.86,3.78,24,rotation (out of top-N),2020-07-13,51.01,48.38,43.7,50.55,50.63,48.29,,,16.73,,91,3.35,,1.6,
BUY,17,VUG,2020-07-21,35.08,1082.74,,,18.99,,,,,,,2020-07-20,33.89,32.37,29.41,34.82,33.94,32.44,,,15.24,,70,3.05,,2.1,
SELL,14,VGT,2020-07-21,35.4,1073.5,2020-06-02,31.41,16.86,19.0,4283.26,4264.25,12.65,34,rotation (out of top-N),2020-07-20,33.71,32.63,29.46,35.09,34.26,32.84,,,14.42,,77,2.88,,2.0,
BUY,18,VGT,2020-07-28,34.21,1083.79,,,18.54,,,,,,,2020-07-27,35.44,33.14,29.69,34.28,34.28,33.28,,,19.37,,84,3.87,,1.6,
SELL,17,VUG,2020-07-28,34.26,1082.74,2020-07-21,35.08,18.99,18.55,-887.84,-906.39,-2.39,5,rotation (out of top-N),2020-07-27,35.02,32.85,29.61,34.36,34.16,32.9,,,18.29,,77,3.66,,1.8,
BUY,19,XLK,2020-08-18,54.85,753.25,,,20.66,,,,,,,2020-08-17,56.31,52.02,45.42,54.75,54.03,51.71,,,23.98,,126,4.8,,0.8,
SELL,16,SMH,2020-08-18,83.78,493.42,2020-07-14,75.46,18.62,20.67,4105.21,4084.54,10.97,25,rotation (out of top-N),2020-08-17,82.34,77.73,68.05,83.43,82.01,77.84,,,20.99,,105,4.2,,1.2,
BUY,20,VUG,2020-08-25,37.19,1061.79,,,19.74,,,,,,,2020-08-24,38.4,35.14,30.51,37.19,36.44,34.79,,,25.87,,105,5,,1.0,
SELL,9,QQQ,2020-08-25,272.39,145.04,2020-04-14,199.21,14.45,19.75,10613.86,10594.11,36.67,93,rotation (out of top-N),2020-08-24,281.78,257.1,218.86,273.21,266.79,255.0,,,28.75,,133,5,,0.6,
BUY,21,QQQ,2020-09-01,286.66,143.79,,,20.61,,,,,,,2020-08-31,273.16,260.02,220.78,284.04,275.95,259.93,,,23.73,,140,4.75,,0.8,
SELL,20,VUG,2020-09-01,38.84,1061.79,2020-08-25,37.19,19.74,20.62,1751.95,1731.33,4.38,5,rotation (out of top-N),2020-08-31,37.09,35.49,30.73,38.56,37.59,35.45,,,20.71,,112,4.14,,1.1,
BUY,22,SMH,2020-09-15,82.95,486.81,,,20.19,,,,,,,2020-09-14,81.07,79.95,69.88,81.81,81.93,81.74,,,16.01,,133,3.2,,1.2,
BUY,23,XLB,2020-09-15,29.5,1368.85,,,20.19,,,,,,,2020-09-14,29.22,27.84,25.03,29.35,28.72,27.85,,,16.75,,70,3.35,,2.0,
BUY,24,XLY,2020-09-15,70.78,570.52,,,20.19,,,,,,,2020-09-14,68.56,67.54,59.38,70.33,70.3,68.27,,,15.47,,98,3.09,,1.6,
SELL,21,QQQ,2020-09-15,268.65,143.79,2020-09-01,286.66,20.61,19.31,-2589.63,-2608.95,-6.33,9,rotation (out of top-N),2020-09-14,257.06,259.55,223.85,265.05,268.93,264.71,,,14.84,,154,2.97,,1.3,
SELL,18,VGT,2020-09-15,37.37,1083.79,2020-07-28,34.21,18.54,20.25,3424.78,3404.53,9.18,34,rotation (out of top-N),2020-09-14,35.77,35.96,31.31,36.79,37.25,36.65,,,14.23,,133,2.85,,1.3,
SELL,19,XLK,2020-09-15,55.91,753.25,2020-08-18,54.85,20.66,21.06,798.44,777.38,1.88,19,rotation (out of top-N),2020-09-14,53.37,53.76,46.83,55.07,55.78,54.72,,,13.97,,154,2.79,,1.3,
BUY,25,QQQ,2020-09-22,260.51,148.68,,,19.37,,,,,,,2020-09-21,261.96,259.99,225.33,258.06,263.7,265.9,,,16.25,,161,3.25,,1.2,
BUY,26,VGT,2020-09-22,36.52,1060.57,,,19.37,,,,,,,2020-09-21,36.61,36.08,31.5,36.1,36.64,36.88,,,16.21,,140,3.24,,1.2,
SELL,23,XLB,2020-09-22,28.27,1368.85,2020-09-15,29.5,20.19,19.35,-1683.69,-1703.04,-4.22,5,rotation (out of top-N),2020-09-21,27.9,27.85,25.06,28.24,28.97,28.09,,,11.35,,77,2.27,,2.1,
SELL,24,XLY,2020-09-22,67.98,570.52,2020-09-15,70.78,20.19,19.39,-1597.45,-1616.84,-4.0,5,rotation (out of top-N),2020-09-21,68.72,67.76,59.62,67.57,69.52,68.85,,,15.26,,105,3.05,,1.5,
BUY,27,XLY,2020-09-29,70.12,565.99,,,19.84,,,,,,,2020-09-28,70.79,68.31,59.9,70.19,69.11,69.32,,,18.18,,112,3.64,,1.2,
SELL,25,QQQ,2020-09-29,266.94,148.68,2020-09-22,260.51,19.37,19.84,956.0,936.16,2.42,5,rotation (out of top-N),2020-09-28,264.62,260.83,226.82,267.4,262.22,267.09,,,16.66,,168,3.33,,1.2,
BUY,28,QQQ,2020-10-13,285.87,146.61,,,20.96,,,,,,,2020-10-12,278.31,266.21,230.29,284.12,271.8,269.55,,,20.85,,182,4.17,,1.0,
SELL,27,XLY,2020-10-13,74.09,565.99,2020-09-29,70.12,19.84,20.97,2246.98,2226.01,5.61,10,rotation (out of top-N),2020-10-12,72.98,69.89,60.57,74.21,71.86,70.43,,,20.48,,126,4.1,,1.0,
BUY,29,XLY,2020-10-20,72.5,554.84,,,20.11,,,,,,,2020-10-19,73.05,70.46,60.89,72.08,72.63,70.9,,,19.98,,133,4.0,,1.0,
SELL,28,QQQ,2020-10-20,274.5,146.61,2020-10-13,285.87,20.96,20.12,-1666.98,-1687.11,-4.03,5,rotation (out of top-N),2020-10-19,274.68,267.75,231.8,273.77,276.1,271.0,,,18.5,,189,3.7,,1.1,
BUY,30,QQQ,2020-10-27,271.47,147.17,,,19.98,,,,,,,2020-10-26,259.86,266.31,232.96,270.56,274.31,270.39,,,11.55,,196,2.31,,1.4,
SELL,26,VGT,2020-10-27,37.69,1060.57,2020-09-22,36.52,19.37,19.99,1240.87,1220.88,3.15,25,rotation (out of top-N),2020-10-26,35.85,37.11,32.47,37.5,38.39,37.75,,,10.42,,175,2.08,,1.5,
BUY,31,VGT,2020-11-03,36.19,1064.7,,,19.27,,,,,,,2020-11-02,39.41,37.53,32.69,35.92,37.07,37.4,,,20.54,,182,4.11,,1.0,
SELL,29,XLY,2020-11-03,69.48,554.84,2020-10-20,72.5,20.11,19.28,-1675.61,-1694.89,-4.21,10,rotation (out of top-N),2020-11-02,72.94,70.59,61.44,68.75,70.45,70.79,,,18.71,,147,3.74,,1.1,
BUY,33,IWM,2020-11-10,159.88,254.99,,,20.38,,,,,,,2020-11-09,161.92,149.2,133.25,158.42,151.12,146.29,,,21.51,,91,4.3,,1.4,
BUY,32,XLI,2020-11-10,77.45,526.37,,,20.38,,,,,,,2020-11-09,78.7,73.26,65.26,77.19,73.68,72.38,,,20.6,,84,4.12,,1.6,
SELL,30,QQQ,2020-11-10,275.18,147.17,2020-10-27,271.47,19.98,20.25,546.01,525.76,1.32,10,rotation (out of top-N),2020-11-09,280.65,271.58,236.33,278.39,274.63,269.89,,,18.76,,210,3.75,,1.1,
SELL,31,VGT,2020-11-10,38.6,1064.7,2020-11-03,36.19,19.27,20.55,2565.94,2545.39,6.61,5,rotation (out of top-N),2020-11-09,39.13,37.82,32.88,39.0,38.09,37.65,,,19.0,,189,3.8,,1.1,
BUY,34,IJR,2020-11-17,76.64,549.56,,,21.06,,,,,,,2020-11-16,76.89,70.36,62.72,77.17,73.08,68.51,,,22.6,,91,4.52,,1.4,
SELL,32,XLI,2020-11-17,80.02,526.37,2020-11-10,77.45,20.38,21.06,1352.77,1331.71,3.27,5,rotation (out of top-N),2020-11-16,79.57,74.4,65.34,80.62,76.91,73.22,,,21.79,,91,4.36,,1.4,
BUY,35,IJH,2020-12-15,41.55,1089.42,,,22.63,,,,,,,2020-12-14,42.17,39.44,33.74,41.21,41.03,38.69,,,24.98,,133,5.0,,0.8,
SELL,34,IJR,2020-12-15,82.41,549.56,2020-11-17,76.64,21.06,22.64,3170.99,3148.35,7.47,19,rotation (out of top-N),2020-12-14,83.53,76.81,64.4,81.75,81.16,74.81,,,29.7,,119,5,,0.5,
BUY,36,IJR,2020-12-22,83.37,550.25,,,22.94,,,,,,,2020-12-21,84.63,78.23,65.39,83.23,82.72,76.6,,,29.42,,126,5,,0.5,
SELL,35,IJH,2020-12-22,42.13,1089.42,2020-12-15,41.55,22.63,22.95,631.86,608.92,1.35,5,rotation (out of top-N),2020-12-21,42.71,40.03,34.23,42.08,41.75,39.38,,,24.76,,140,4.95,,0.8,
BUY,37,EEM,2021-01-05,46.46,989.77,,,22.99,,,,,,,2021-01-04,48.43,44.46,38.3,46.03,45.18,43.8,,,26.45,,175,5,,0.7,
BUY,38,XLF,2021-01-05,26.43,1739.86,,,22.99,,,,,,,2021-01-04,28.09,25.76,22.47,26.44,26.34,25.46,,,25.01,,84,5,,1.3,
SELL,36,IJR,2021-01-05,83.47,550.25,2020-12-22,83.37,22.94,22.96,55.02,32.06,0.07,8,rotation (out of top-N),2021-01-04,89.82,81.27,67.34,83.68,83.88,79.93,,,33.39,,140,5,,0.3,
SELL,33,IWM,2021-01-05,180.83,254.99,2020-11-10,159.88,20.38,23.05,5341.97,5318.91,13.05,37,rotation (out of top-N),2021-01-04,194.5,176.56,144.62,181.22,183.0,173.29,,,34.49,,147,5,,0.3,
BUY,39,IJH,2021-01-12,44.81,1081.2,,,24.22,,,,,,,2021-01-11,44.73,41.88,35.55,44.68,43.55,41.47,,,25.82,,161,5,,0.7,
BUY,40,IWM,2021-01-12,195.25,248.14,,,24.22,,,,,,,2021-01-11,197.29,180.33,146.68,194.37,189.18,177.59,,,34.5,,154,5,,0.3,
SELL,37,EEM,2021-01-12,48.08,989.77,2021-01-05,46.46,22.99,23.79,1603.42,1579.63,3.44,5,rotation (out of top-N),2021-01-11,48.11,45.13,38.73,47.78,46.69,44.48,,,24.21,,182,4.84,,0.8,
SELL,38,XLF,2021-01-12,28.37,1739.86,2021-01-05,26.43,22.99,24.68,3375.34,3350.66,7.29,5,rotation (out of top-N),2021-01-11,28.14,26.19,22.65,28.21,27.31,25.96,,,24.23,,91,4.85,,1.3,
BUY,41,IJR,2021-01-26,93.76,525.02,,,24.61,,,,,,,2021-01-25,89.68,85.79,70.12,93.16,91.68,85.46,,,27.89,,161,5,,0.6,
SELL,39,IJH,2021-01-26,45.53,1081.2,2021-01-12,44.81,24.22,24.61,778.46,753.85,1.56,9,rotation (out of top-N),2021-01-25,43.18,42.65,36.35,45.28,44.97,42.73,,,18.8,,175,3.76,,1.1,
BUY,42,EEM,2021-02-09,49.88,1022.89,,,25.51,,,,,,,2021-02-08,51.17,47.6,40.53,49.88,49.16,47.14,,,26.24,,210,5,,0.7,
SELL,41,IJR,2021-02-09,97.23,525.02,2021-01-26,93.76,24.61,25.52,1821.83,1796.31,3.65,10,rotation (out of top-N),2021-02-08,98.01,89.32,72.11,97.23,93.27,88.54,,,35.91,,175,5,,0.2,
BUY,43,XLE,2021-02-23,19.74,2543.53,,,25.1,,,,,,,2021-02-22,19.65,17.49,14.97,19.57,18.51,17.14,,,31.26,,84,5,,1.0,
SELL,42,EEM,2021-02-23,49.11,1022.89,2021-02-09,49.88,25.51,25.12,-787.62,-812.74,-1.59,9,rotation (out of top-N),2021-02-22,47.56,48.09,41.42,49.43,50.38,48.51,,,14.83,,224,2.97,,1.3,
BUY,44,XLF,2021-03-02,30.27,1939.07,,,29.35,,,,,,,2021-03-01,30.65,28.36,24.2,30.3,29.61,28.21,,,26.68,,140,5,,0.7,
SELL,22,SMH,2021-03-02,120.64,486.81,2020-09-15,82.95,20.19,29.36,18347.99,18318.63,45.36,115,rotation (out of top-N),2021-03-01,110.99,113.42,92.85,120.41,118.92,115.72,,,19.53,,301,3.91,,1.0,
BUY,45,IJR,2021-03-23,100.11,517.76,,,25.92,,,,,,,2021-03-22,100.71,97.36,78.12,100.93,102.34,97.84,,,28.92,,217,5,,0.6,
SELL,40,IWM,2021-03-23,208.98,248.14,2021-01-12,195.25,24.22,25.93,3406.9,3380.98,6.98,48,rotation (out of top-N),2021-03-22,206.96,205.0,167.62,210.93,212.85,207.89,,,23.47,,224,4.69,,0.8,
BUY,46,SMH,2021-03-30,114.81,442.19,,,25.38,,,,,,,2021-03-29,122.71,115.53,97.29,115.35,114.08,115.66,,,26.12,,329,5,,0.7,
SELL,45,IJR,2021-03-30,98.1,517.76,2021-03-23,100.11,25.92,25.4,-1040.7,-1066.09,-2.06,5,rotation (out of top-N),2021-03-29,101.45,98.11,79.18,98.23,99.8,98.6,,,28.12,,224,5,,0.6,
BUY,47,IJR,2021-04-13,100.93,542.0,,,27.35,,,,,,,2021-04-12,102.08,99.25,81.18,101.04,100.76,99.96,,,25.75,,238,5,,0.7,
SELL,46,SMH,2021-04-13,123.78,442.19,2021-03-30,114.81,25.38,27.37,3966.41,3939.04,7.76,9,rotation (out of top-N),2021-04-12,122.45,118.08,99.69,122.79,121.43,116.9,,,22.83,,343,4.57,,0.9,
BUY,48,IJH,2021-04-20,49.9,1012.87,,,25.27,,,,,,,2021-04-19,50.84,48.53,41.24,50.1,49.62,48.13,,,23.29,,259,4.66,,0.8,
SELL,43,XLE,2021-04-20,19.88,2543.53,2021-02-23,19.74,25.1,25.28,356.09,330.81,0.66,39,rotation (out of top-N),2021-04-19,19.62,19.74,16.05,19.95,20.07,20.47,,,22.28,,140,4.46,,0.9,
BUY,49,XLE,2021-04-27,19.82,2613.11,,,25.9,,,,,,,2021-04-26,20.38,19.85,16.18,19.75,19.77,20.43,,,25.93,,147,5,,0.7,
SELL,48,IJH,2021-04-27,51.16,1012.87,2021-04-20,49.9,25.27,25.91,1276.22,1250.31,2.47,5,rotation (out of top-N),2021-04-26,50.44,48.88,41.65,51.04,50.15,48.59,,,21.1,,266,4.22,,0.9,
BUY,50,XLB,2021-05-11,39.13,1382.61,,,27.05,,,,,,,2021-05-10,39.64,37.16,32.47,39.44,38.57,36.6,,,22.1,,308,4.42,,0.9,
SELL,47,IJR,2021-05-11,99.87,542.0,2021-04-13,100.93,27.35,27.06,-574.52,-601.59,-1.1,20,rotation (out of top-N),2021-05-10,102.5,101.15,84.92,101.82,102.59,101.44,,,20.71,,266,4.14,,1.0,
BUY,51,IJR,2021-05-25,102.63,531.47,,,27.27,,,,,,,2021-05-24,103.99,101.76,86.66,102.3,101.74,101.48,,,20.0,,280,4.0,,1.0,
SELL,50,XLB,2021-05-25,39.47,1382.61,2021-05-11,39.13,27.05,27.29,470.09,442.8,0.82,10,rotation (out of top-N),2021-05-24,39.34,37.83,33.04,39.39,39.17,37.65,,,19.06,,322,3.81,,1.0,
BUY,52,XLRE,2021-06-08,37.88,1488.68,,,28.2,,,,,,,2021-06-07,38.2,35.88,31.85,37.81,36.9,35.62,,,19.94,,287,3.99,,1.0,
SELL,51,IJR,2021-06-08,106.16,531.47,2021-05-25,102.63,27.27,28.21,1876.07,1847.86,3.39,9,rotation (out of top-N),2021-06-07,105.76,102.96,88.54,105.96,104.36,102.34,,,19.45,,294,3.89,,1.0,
BUY,53,XLC,2021-07-13,78.02,786.99,,,30.7,,,,,,,2021-07-12,76.81,75.65,68.28,78.1,77.35,75.39,,,12.49,,406,2.5,,1.4,
BUY,54,XLK,2021-07-13,72.75,844.0,,,30.7,,,,,,,2021-07-12,72.38,69.73,63.96,72.87,71.89,68.45,,,13.16,,455,2.63,,1.3,
SELL,49,XLE,2021-07-13,21.89,2613.11,2021-04-27,19.82,25.9,28.6,5409.14,5380.54,10.39,53,rotation (out of top-N),2021-07-12,20.29,21.71,18.52,22.0,22.16,22.33,,,9.54,,224,1.91,,1.5,
SELL,44,XLF,2021-07-13,33.88,1939.07,2021-03-02,30.27,29.35,32.85,7000.03,6967.18,11.87,92,rotation (out of top-N),2021-07-12,33.12,33.48,29.54,33.99,33.55,33.99,,,12.14,,273,2.43,,1.4,
BUY,55,VGT,2021-07-27,50.09,1251.08,,,31.33,,,,,,,2021-07-26,49.85,48.08,44.06,50.17,49.39,47.55,,,13.14,,448,2.63,,1.3,
SELL,53,XLC,2021-07-27,79.63,786.99,2021-07-13,78.02,30.7,31.33,1267.05,1235.72,2.01,10,rotation (out of top-N),2021-07-26,78.27,76.67,69.32,79.73,77.88,76.45,,,12.91,,420,2.58,,1.4,
BUY,56,XLF,2021-08-03,33.62,1853.75,,,31.16,,,,,,,2021-08-02,34.72,33.68,30.4,33.5,33.43,33.54,,,14.22,,294,2.84,,1.3,
SELL,55,VGT,2021-08-03,49.84,1251.08,2021-07-27,50.09,31.33,31.18,-312.77,-343.95,-0.55,5,rotation (out of top-N),2021-08-02,50.37,48.5,44.42,49.73,49.63,48.15,,,13.39,,455,2.68,,1.3,
BUY,57,XLV,2021-08-17,124.36,522.19,,,32.47,,,,,,,2021-08-16,125.52,120.46,110.38,124.69,122.84,119.57,,,13.71,,483,2.74,,1.3,
SELL,56,XLF,2021-08-17,35.05,1853.75,2021-08-03,33.62,31.16,32.49,2650.86,2618.37,4.2,10,rotation (out of top-N),2021-08-16,34.56,34.09,30.97,35.29,34.89,33.75,,,11.59,,308,2.32,,1.4,
BUY,58,XLF,2021-08-24,34.91,1877.22,,,32.77,,,,,,,2021-08-23,35.76,34.4,31.25,34.85,34.75,33.93,,,14.44,,315,2.89,,1.3,
SELL,57,XLV,2021-08-24,125.56,522.19,2021-08-17,124.36,32.47,32.78,626.63,593.85,0.91,5,rotation (out of top-N),2021-08-23,124.15,121.13,111.01,125.56,124.38,120.82,,,11.84,,490,2.37,,1.4,
BUY,59,VUG,2021-08-31,49.87,1325.47,,,33.05,,,,,,,2021-08-30,50.06,48.15,43.91,49.84,48.98,48.12,,,14.01,,476,2.8,,1.3,
SELL,58,XLF,2021-08-31,35.23,1877.22,2021-08-24,34.91,32.77,33.07,600.71,567.64,0.87,5,rotation (out of top-N),2021-08-30,34.91,34.49,31.48,35.26,35.16,34.14,,,10.9,,322,2.18,,1.5,
BUY,60,VGT,2021-09-21,50.0,1176.43,,,29.41,,,,,,,2021-09-20,51.1,50.38,46.3,49.69,50.87,50.62,,,10.37,,504,2.07,,1.5,
SELL,52,XLRE,2021-09-21,39.53,1488.68,2021-06-08,37.88,28.2,29.42,2456.32,2426.9,4.3,73,rotation (out of top-N),2021-09-20,39.06,39.37,35.41,39.36,39.89,39.71,,,10.32,,392,2.06,,1.5,
BUY,61,XLE,2021-09-28,22.45,2747.39,,,30.84,,,,,,,2021-09-27,22.71,21.04,20.3,22.24,20.96,20.35,,,11.89,,301,2.38,,1.4,
BUY,63,XLF,2021-09-28,35.67,1729.15,,,30.84,,,,,,,2021-09-27,35.14,34.71,32.36,35.68,34.78,34.78,,,8.6,,350,1.72,,1.6,
BUY,62,XLRE,2021-09-28,38.17,1615.9,,,30.84,,,,,,,2021-09-27,38.22,39.16,35.61,38.41,39.39,39.71,,,7.32,,399,1.46,,1.6,
SELL,60,VGT,2021-09-28,49.93,1176.43,2021-09-21,50.0,29.41,29.37,-82.35,-111.72,-0.19,5,rotation (out of top-N),2021-09-27,49.31,50.19,46.47,50.6,50.75,50.71,,,6.11,,511,1.22,,1.7,
SELL,59,VUG,2021-09-28,48.34,1325.47,2021-08-31,49.87,33.05,32.04,-2027.96,-2060.0,-3.12,19,rotation (out of top-N),2021-09-27,47.61,48.47,44.78,48.92,49.09,48.94,,,6.32,,504,1.26,,1.7,
SELL,54,XLK,2021-09-28,73.91,844.0,2021-07-13,72.75,30.7,31.19,979.04,947.85,1.54,54,rotation (out of top-N),2021-09-27,73.12,74.33,68.49,74.87,75.09,75.16,,,6.76,,532,1.35,,1.7,
BUY,64,XLK,2021-10-05,71.57,866.06,,,30.99,,,,,,,2021-10-04,73.31,74.15,68.76,71.43,73.31,74.92,,,6.61,,539,1.32,,1.7,
SELL,62,XLRE,2021-10-05,38.34,1615.9,2021-09-28,38.17,30.84,30.98,274.7,243.73,0.4,5,rotation (out of top-N),2021-10-04,37.96,38.94,35.8,38.27,38.63,39.56,,,6.03,,406,1.21,,1.7,
BUY,65,XLRE,2021-10-12,38.07,1664.17,,,31.68,,,,,,,2021-10-11,39.31,39.01,36.04,38.01,38.3,39.42,,,9.06,,413,1.81,,1.5,
SELL,64,XLK,2021-10-12,73.19,866.06,2021-10-05,71.57,30.99,31.69,1403.02,1371.33,2.21,5,rotation (out of top-N),2021-10-11,75.22,74.34,69.08,72.91,73.16,74.78,,,8.89,,546,1.78,,1.6,
BUY,66,VUG,2021-10-26,50.46,1312.64,,,33.12,,,,,,,2021-10-25,51.0,49.12,45.59,50.15,49.33,48.86,,,11.85,,532,2.37,,1.4,
BUY,67,XLY,2021-10-26,95.34,694.73,,,33.12,,,,,,,2021-10-25,96.66,90.24,84.7,94.92,91.63,88.63,,,14.12,,504,2.82,,1.3,
SELL,63,XLF,2021-10-26,37.46,1729.15,2021-09-28,35.67,30.84,32.39,3095.18,3062.8,4.97,20,rotation (out of top-N),2021-10-25,37.08,35.87,33.26,37.36,36.65,35.31,,,11.48,,378,2.3,,1.4,
SELL,65,XLRE,2021-10-26,40.74,1664.17,2021-10-12,38.07,31.68,33.9,4443.32,4409.42,6.96,10,rotation (out of top-N),2021-10-25,40.68,39.54,36.55,40.69,39.79,39.45,,,11.29,,427,2.26,,1.4,
BUY,68,SMH,2021-11-02,134.26,498.61,,,33.47,,,,,,,2021-11-01,143.89,131.55,123.52,134.28,130.94,128.75,,,16.49,,546,3.3,,1.2,
SELL,66,VUG,2021-11-02,51.0,1312.64,2021-10-26,50.46,33.12,33.47,708.82,675.35,1.02,5,rotation (out of top-N),2021-11-01,52.19,49.67,45.89,51.03,50.23,48.96,,,13.74,,539,2.75,,1.3,
BUY,69,XLK,2021-11-09,81.16,840.11,,,34.09,,,,,,,2021-11-08,80.72,77.08,70.68,81.04,78.92,75.43,,,14.21,,574,2.84,,1.3,
SELL,61,XLE,2021-11-09,24.83,2747.39,2021-09-28,22.45,30.84,34.11,6538.78,6504.68,10.55,30,rotation (out of top-N),2021-11-08,24.28,23.33,21.43,24.8,24.46,23.12,,,13.32,,343,2.66,,1.3,
BUY,70,VGT,2021-12-07,54.35,1260.36,,,34.25,,,,,,,2021-12-06,55.76,53.36,48.88,53.29,53.8,53.04,,,14.07,,581,2.81,,1.3,
SELL,67,XLY,2021-12-07,98.65,694.73,2021-10-26,95.34,33.12,34.27,2299.56,2265.29,3.42,29,rotation (out of top-N),2021-12-06,98.51,96.05,87.67,97.04,98.0,96.48,,,12.36,,546,2.47,,1.4,
BUY,71,XLRE,2021-12-14,42.32,1615.15,,,34.18,,,,,,,2021-12-13,42.58,40.99,38.27,42.41,41.6,40.97,,,11.25,,476,2.25,,1.4,
SELL,70,VGT,2021-12-14,54.26,1260.36,2021-12-07,54.35,34.25,34.19,-113.43,-147.63,-0.22,5,rotation (out of top-N),2021-12-13,53.67,53.42,49.15,54.94,54.72,53.72,,,9.2,,588,1.84,,1.5,
BUY,72,VGT,2021-12-21,53.66,1281.3,,,34.38,,,,,,,2021-12-20,55.43,53.78,49.47,53.04,54.17,54.01,,,12.04,,595,2.41,,1.4,
SELL,71,XLRE,2021-12-21,42.59,1615.15,2021-12-14,42.32,34.18,34.39,436.09,401.7,0.59,5,rotation (out of top-N),2021-12-20,42.83,41.32,38.54,42.3,42.13,41.27,,,11.13,,483,2.23,,1.4,
BUY,73,XLRE,2021-12-28,43.71,1660.63,,,36.29,,,,,,,2021-12-27,44.46,41.89,38.81,43.71,42.67,41.49,,,14.55,,490,2.91,,1.3,
SELL,72,VGT,2021-12-28,56.68,1281.3,2021-12-21,53.66,34.38,36.31,3869.54,3833.22,5.58,4,rotation (out of top-N),2021-12-27,55.63,54.12,49.78,56.59,54.95,54.34,,,11.74,,602,2.35,,1.4,
BUY,74,XLE,2022-01-04,24.79,2916.84,,,36.15,,,,,,,2022-01-03,26.21,23.95,22.13,24.45,23.78,23.8,,,18.42,,399,3.68,,1.1,
BUY,75,XLP,2022-01-04,68.43,1056.68,,,36.15,,,,,,,2022-01-03,68.73,65.91,62.83,68.45,67.59,65.11,,,9.4,,532,1.88,,1.5,
SELL,69,XLK,2022-01-04,84.98,840.11,2021-11-09,81.16,34.09,35.7,3209.2,3173.51,4.65,38,rotation (out of top-N),2022-01-03,80.2,81.04,74.31,84.84,83.98,82.08,,,7.93,,630,1.59,,1.6,
SELL,73,XLRE,2022-01-04,44.16,1660.63,2021-12-28,43.71,36.29,36.67,747.28,710.62,0.98,5,rotation (out of top-N),2022-01-03,42.28,41.96,39.03,44.04,43.64,41.89,,,8.34,,497,1.67,,1.6,
BUY,76,VTV,2022-01-25,127.53,510.05,,,32.52,,,,,,,2022-01-24,129.59,130.06,125.64,128.99,131.52,130.11,,,3.15,,511,0.63,,1.8,
SELL,68,SMH,2022-01-25,130.44,498.61,2021-11-02,134.26,33.47,32.52,-1904.7,-1937.22,-2.89,57,rotation (out of top-N),2022-01-24,127.63,140.46,131.41,134.24,140.48,147.06,,,-2.88,,630,-0.58,,2.1,
BUY,77,XLF,2022-02-01,36.19,1842.64,,,33.34,,,,,,,2022-01-31,37.11,36.41,35.27,36.15,36.06,36.34,,,5.23,,476,1.05,,1.7,
SELL,76,VTV,2022-02-01,130.81,510.05,2022-01-25,127.53,32.52,33.36,1672.96,1639.6,2.52,5,rotation (out of top-N),2022-01-31,131.45,130.32,125.92,130.7,130.11,130.63,,,4.39,,518,0.88,,1.8,
BUY,78,XLU,2022-03-01,29.61,2195.66,,,32.51,,,,,,,2022-02-28,30.97,29.9,29.12,29.67,29.17,29.83,,,6.34,,511,1.27,,1.7,
SELL,77,XLF,2022-03-01,35.3,1842.64,2022-02-01,36.19,33.34,32.52,-1639.95,-1672.47,-2.51,19,rotation (out of top-N),2022-02-28,34.45,36.08,35.41,35.65,36.11,36.74,,,-2.72,,504,-0.54,,2.1,
BUY,79,VTV,2022-03-08,128.03,546.08,,,34.96,,,,,,,2022-03-07,127.27,129.58,126.63,127.57,129.02,130.71,,,0.51,,553,0.1,,2.0,
SELL,75,XLP,2022-03-08,66.2,1056.68,2022-01-04,68.43,36.15,34.98,-2356.39,-2391.37,-3.31,43,rotation (out of top-N),2022-03-07,63.42,66.41,64.12,66.13,66.76,67.25,,,-1.1,,595,-0.22,,2.1,
BUY,80,XLP,2022-03-29,67.73,1090.7,,,36.94,,,,,,,2022-03-28,68.36,66.78,64.59,67.2,66.22,66.46,,,5.85,,616,1.17,,1.7,
SELL,79,VTV,2022-03-29,135.35,546.08,2022-03-08,128.03,34.96,36.96,3997.31,3960.35,5.66,15,rotation (out of top-N),2022-03-28,133.95,131.5,127.53,134.77,132.68,130.42,,,5.03,,574,1.01,,1.7,
BUY,81,VTV,2022-05-17,128.34,583.55,,,37.45,,,,,,,2022-05-16,123.77,128.87,128.58,126.9,126.97,131.51,,,-3.74,,623,-0.75,,2.2,
SELL,80,XLP,2022-05-17,68.7,1090.7,2022-03-29,67.73,36.94,37.47,1057.98,1020.51,1.38,34,rotation (out of top-N),2022-05-16,63.05,67.56,65.7,68.94,68.56,68.87,,,-4.03,,665,-0.81,,2.2,
BUY,82,XLB,2022-05-24,38.38,1906.18,,,36.58,,,,,,,2022-05-23,40.08,39.14,39.04,38.51,38.14,39.55,,,2.67,,0,0.53,,4.9,
SELL,81,VTV,2022-05-24,125.43,583.55,2022-05-17,128.34,37.45,36.6,-1698.14,-1734.73,-2.32,5,rotation (out of top-N),2022-05-23,131.15,129.29,128.74,125.99,125.82,130.5,,,1.87,,630,0.37,,1.9,
BUY,83,XLP,2022-06-07,65.0,1166.57,,,37.91,,,,,,,2022-06-06,64.14,66.6,65.86,65.86,65.99,68.15,,,-2.61,,686,-0.52,,2.1,
SELL,82,XLB,2022-06-07,39.8,1906.18,2022-05-24,38.38,36.58,37.93,2706.78,2668.84,3.65,9,rotation (out of top-N),2022-06-06,37.47,38.93,39.03,40.14,39.4,39.26,,,-3.99,,14,-0.8,,5.0,
SELL,83,XLP,2022-06-14,62.74,1166.57,2022-06-07,65.0,37.91,36.6,-2636.44,-2673.03,-3.53,5,rotation (out of top-N),2022-06-13,61.38,65.65,65.82,62.76,64.9,67.45,,,-6.74,,693,-1.35,,2.3,
BUY,84,XLP,2022-08-16,68.77,1063.76,,,36.58,,,,,,,2022-08-15,69.1,66.9,66.69,68.52,67.45,65.81,,,3.61,,0,0.72,,4.8,
SELL,84,XLP,2022-08-30,66.91,1063.76,2022-08-16,68.77,36.58,35.59,-1978.6,-2014.19,-2.75,10,rotation (out of top-N),2022-08-29,65.2,66.59,66.82,66.79,67.87,66.85,,,-2.42,,14,-0.48,,4.9,
SELL,78,XLU,2022-10-04,30.3,2195.66,2022-03-01,29.61,32.51,33.26,1515.01,1481.74,2.28,150,rotation (out of top-N),2022-10-03,28.45,31.52,31.52,30.09,31.01,33.11,,,-9.75,,728,-1.95,,2.5,
BUY,85,XLV,2022-11-15,125.99,1092.18,,,68.8,,,,,,,2022-11-14,126.43,121.88,121.78,125.19,124.25,119.32,,,3.82,,0,0.76,,4.8,
BUY,87,DIA,2022-11-22,318.46,217.31,,,34.6,,,,,,,2022-11-21,322.82,305.04,302.44,316.74,313.55,294.42,,,6.74,,0,1.35,,4.7,
BUY,86,XLI,2022-11-22,94.74,730.46,,,34.6,,,,,,,2022-11-21,95.78,89.72,88.5,94.32,92.94,86.2,,,8.23,,0,1.65,,4.6,
SELL,85,XLV,2022-11-22,126.79,1092.18,2022-11-15,125.99,68.8,69.24,873.74,804.51,0.58,5,rotation (out of top-N),2022-11-21,128.86,123.15,122.04,126.49,125.2,120.57,,,5.59,,7,1.12,,4.6,
BUY,88,XLV,2022-11-29,127.62,540.74,,,34.5,,,,,,,2022-11-28,131.33,124.64,122.28,127.89,126.82,121.9,,,7.4,,14,1.48,,4.4,
SELL,87,DIA,2022-11-29,317.56,217.31,2022-11-22,318.46,34.6,34.5,-195.58,-230.08,-0.33,4,rotation (out of top-N),2022-11-28,323.96,308.48,302.66,318.09,317.39,299.13,,,7.04,,7,1.41,,4.5,
BUY,89,EFA,2023-01-10,61.07,1113.33,,,34.0,,,,,,,2023-01-09,63.04,59.17,57.02,61.15,59.79,59.04,,,10.55,,21,2.11,,4.1,
SELL,88,XLV,2023-01-10,125.8,540.74,2022-11-29,127.62,34.5,34.01,-984.14,-1018.15,-1.48,28,rotation (out of top-N),2023-01-09,127.79,127.07,122.54,125.85,127.57,128.15,,,4.29,,56,0.86,,3.9,
BUY,90,SMH,2023-01-24,115.87,595.63,,,34.51,,,,,,,2023-01-23,118.03,107.99,105.7,117.43,110.61,106.31,,,11.67,,7,2.33,,4.3,
SELL,86,XLI,2023-01-24,94.53,730.46,2022-11-22,94.74,34.6,34.53,-153.4,-187.92,-0.27,41,rotation (out of top-N),2023-01-23,96.08,94.2,88.68,95.07,94.97,94.6,,,8.34,,63,1.67,,2.5,
BUY,91,IJH,2023-01-31,49.38,2336.32,,,57.68,,,,,,,2023-01-30,51.43,48.4,46.07,49.21,48.96,47.42,,,11.64,,63,2.33,,2.4,
SELL,74,XLE,2023-01-31,39.58,2916.84,2022-01-04,24.79,36.15,57.72,43140.1,43082.38,59.58,269,rotation (out of top-N),2023-01-30,38.3,39.14,36.17,39.72,40.17,38.83,,,5.89,,791,1.18,,1.7,
BUY,92,XLE,2023-02-07,38.37,3086.72,,,59.22,,,,,,,2023-02-06,40.19,39.33,36.28,38.13,39.21,38.84,,,10.77,,798,2.15,,1.5,
SELL,91,IJH,2023-02-07,50.72,2336.32,2023-01-31,49.38,57.68,59.25,3130.68,3071.43,2.66,5,rotation (out of top-N),2023-02-06,50.15,48.72,46.16,50.87,50.36,47.84,,,8.64,,70,1.73,,2.4,
BUY,93,XLI,2023-02-14,97.57,1257.83,,,61.36,,,,,,,2023-02-13,97.88,95.72,89.35,97.92,97.09,95.23,,,9.55,,84,1.91,,2.1,
SELL,92,XLE,2023-02-14,39.78,3086.72,2023-02-07,38.37,59.22,61.39,4352.28,4290.89,3.62,5,rotation (out of top-N),2023-02-13,37.65,39.03,36.35,40.09,39.44,39.1,,,3.57,,805,0.71,,1.8,
BUY,94,VGT,2023-03-14,43.39,2161.36,,,46.89,,,,,,,2023-03-13,44.83,43.18,41.74,42.8,43.4,43.37,,,7.4,,42,1.48,,3.9,
BUY,95,XLK,2023-03-14,67.49,1389.56,,,46.89,,,,,,,2023-03-13,70.02,67.01,64.66,66.63,67.32,67.14,,,8.3,,42,1.66,,3.9,
SELL,89,EFA,2023-03-14,61.57,1113.33,2023-01-10,61.07,34.0,34.27,556.66,522.39,0.77,43,rotation (out of top-N),2023-03-13,60.04,61.66,57.65,60.94,62.06,63.12,,,4.15,,84,0.83,,2.4,
SELL,93,XLI,2023-03-14,94.72,1257.83,2023-02-14,97.57,61.36,59.57,-3584.81,-3644.38,-2.97,19,rotation (out of top-N),2023-03-13,91.84,95.06,90.14,93.52,95.86,96.39,,,1.89,,112,0.38,,2.0,
BUY,96,XLC,2023-04-04,56.22,1817.9,,,51.1,,,,,,,2023-04-03,56.88,53.63,50.87,56.19,54.71,53.15,,,11.82,,49,2.36,,3.6,
SELL,94,VGT,2023-04-04,47.29,2161.36,2023-03-14,43.39,46.89,51.11,8429.31,8378.2,8.93,15,rotation (out of top-N),2023-04-03,46.61,44.72,42.21,47.24,46.04,44.49,,,10.42,,63,2.08,,2.4,
BUY,97,EFA,2023-04-11,64.4,1568.95,,,50.52,,,,,,,2023-04-10,65.44,63.0,58.46,64.25,63.62,62.54,,,11.95,,112,2.39,,1.5,
SELL,95,XLK,2023-04-11,72.75,1389.56,2023-03-14,67.49,46.89,50.55,7309.09,7258.54,7.74,19,rotation (out of top-N),2023-04-10,72.72,70.2,65.64,72.88,72.44,69.48,,,10.78,,70,2.16,,2.3,
BUY,98,XLK,2023-04-18,73.54,1410.04,,,51.85,,,,,,,2023-04-17,72.28,70.58,65.84,72.98,72.58,69.86,,,9.78,,77,1.96,,2.2,
SELL,96,XLC,2023-04-18,57.07,1817.9,2023-04-04,56.22,51.1,51.87,1545.22,1493.34,1.46,9,rotation (out of top-N),2023-04-17,55.68,54.53,51.0,56.84,56.43,53.72,,,9.17,,63,1.83,,2.5,
BUY,99,XLC,2023-04-25,55.36,1300.21,,,35.99,,,,,,,2023-04-24,57.82,55.13,51.11,55.63,56.05,54.19,,,13.14,,70,2.63,,2.2,
SELL,90,SMH,2023-04-25,120.88,595.63,2023-01-24,115.87,34.51,36.0,2984.1,2948.1,4.27,63,rotation (out of top-N),2023-04-24,121.96,122.07,110.08,121.84,123.76,123.17,,,10.79,,98,2.16,,1.8,
BUY,100,SMH,2023-05-02,122.86,609.47,,,37.44,,,,,,,2023-05-01,122.71,122.18,110.26,122.9,121.91,123.35,,,11.29,,105,2.26,,1.7,
SELL,99,XLC,2023-05-02,57.62,1300.21,2023-04-25,55.36,35.99,37.46,2938.47,2901.01,4.03,5,rotation (out of top-N),2023-05-01,56.3,55.34,51.16,57.81,56.5,54.77,,,10.04,,77,2.01,,2.2,
BUY,101,VGT,2023-05-09,47.19,1874.75,,,44.23,,,,,,,2023-05-08,47.31,46.21,42.65,47.44,46.79,46.06,,,10.93,,98,2.19,,1.8,
BUY,102,XLC,2023-05-09,56.73,1559.48,,,44.23,,,,,,,2023-05-08,57.63,55.76,51.24,56.87,56.45,55.37,,,12.48,,84,2.5,,2.0,
SELL,97,EFA,2023-05-09,65.5,1568.95,2023-04-11,64.4,50.52,51.38,1725.85,1674.47,1.66,20,rotation (out of top-N),2023-05-08,65.37,64.5,59.35,66.05,65.55,63.9,,,10.15,,140,2.03,,1.5,
SELL,100,SMH,2023-05-09,121.93,609.47,2023-05-02,122.86,37.44,37.16,-566.8,-603.96,-0.81,5,rotation (out of top-N),2023-05-08,121.25,122.01,110.32,123.39,121.95,123.66,,,9.91,,112,1.98,,1.6,
BUY,103,SMH,2023-05-16,124.02,719.69,,,44.63,,,,,,,2023-05-15,131.51,123.74,110.61,124.42,122.24,123.82,,,18.89,,119,3.78,,1.1,
SELL,101,VGT,2023-05-16,47.61,1874.75,2023-05-09,47.19,44.23,44.63,787.4,742.77,0.84,5,rotation (out of top-N),2023-05-15,49.23,46.76,42.7,47.71,47.21,46.49,,,15.3,,105,3.06,,1.5,
BUY,104,VGT,2023-05-23,49.13,1887.03,,,46.36,,,,,,,2023-05-22,51.35,47.59,42.82,49.36,48.31,46.92,,,19.92,,112,3.98,,1.1,
SELL,102,XLC,2023-05-23,59.48,1559.48,2023-05-09,56.73,44.23,46.38,4288.58,4242.2,4.8,10,rotation (out of top-N),2023-05-22,60.0,57.05,51.41,59.81,58.42,56.63,,,16.71,,98,3.34,,1.5,
BUY,105,QQQ,2023-07-05,362.37,280.84,,,50.88,,,,,,,2023-07-03,359.96,345.9,299.7,363.94,358.76,342.17,363.88,361.8,20.11,0.57,140,4.02,1.4,1.0,3.6
SELL,104,VGT,2023-07-05,53.96,1887.03,2023-05-23,49.13,46.36,50.91,9114.38,9063.47,9.78,28,rotation (out of top-N),2023-07-03,53.52,51.56,44.63,54.25,53.47,51.0,,,19.92,,154,3.98,,1.0,
BUY,106,VGT,2023-07-18,55.75,1890.16,,,52.69,,,,,,,2023-07-17,55.04,52.72,45.51,55.85,54.56,52.54,55.84,55.45,20.94,0.69,168,4.19,1.5,1.0,3.4
SELL,105,QQQ,2023-07-18,375.41,280.84,2023-07-05,362.37,50.88,52.72,3662.19,3609.47,3.55,9,rotation (out of top-N),2023-07-17,369.18,354.1,305.29,376.04,367.11,352.65,375.61,373.59,20.93,0.54,154,4.19,1.4,1.0,3.5
BUY,107,QQQ,2023-07-25,370.48,305.83,,,56.65,,,,,,,2023-07-24,376.9,358.25,307.98,369.77,370.45,358.2,369.99,367.25,22.38,0.74,161,4.48,1.6,0.9,3.3
BUY,108,XLC,2023-07-25,63.66,1779.82,,,56.65,,,,,,,2023-07-24,66.52,62.67,54.54,63.5,64.05,62.42,,,21.97,,161,4.39,,0.9,
SELL,106,VGT,2023-07-25,55.25,1890.16,2023-07-18,55.75,52.69,52.22,-945.08,-997.3,-0.95,5,rotation (out of top-N),2023-07-24,55.62,53.25,45.92,55.11,55.13,53.37,55.1,54.74,21.12,0.65,175,4.22,1.5,0.9,3.5
SELL,98,XLK,2023-07-25,86.77,1410.04,2023-04-18,73.54,51.85,61.17,18654.83,18593.66,17.93,67,rotation (out of top-N),2023-07-24,87.22,83.46,71.58,86.49,86.38,83.69,86.51,85.72,21.84,0.91,175,4.37,1.7,0.9,3.2
BUY,109,XLK,2023-08-22,83.15,1360.93,,,56.58,,,,,,,2023-08-21,82.7,82.78,73.54,82.41,82.35,84.69,82.42,81.52,12.46,1.1,203,2.49,1.4,1.4,4.0
SELL,108,XLC,2023-08-22,63.58,1779.82,2023-07-25,63.66,56.65,56.58,-142.39,-198.97,-0.18,20,rotation (out of top-N),2023-08-21,63.21,63.29,56.27,63.35,64.15,64.26,63.35,62.7,12.33,1.03,189,2.47,1.3,1.4,4.1
BUY,110,XLC,2023-09-12,65.57,1683.86,,,55.21,,,,,,,2023-09-11,65.27,64.06,57.5,65.71,64.84,64.7,65.69,65.12,13.51,0.87,210,2.7,1.3,1.3,4.1
BUY,111,XLY,2023-09-12,84.25,1310.51,,,55.21,,,,,,,2023-09-11,83.82,82.01,74.65,84.55,82.62,82.77,84.57,83.8,12.28,0.91,133,2.46,1.2,1.4,4.2
SELL,103,SMH,2023-09-12,147.4,719.69,2023-05-16,124.02,44.63,53.04,16826.4,16773.35,18.79,81,rotation (out of top-N),2023-09-11,144.84,147.73,131.13,148.47,150.43,151.3,148.84,147.12,10.46,1.16,238,2.09,1.3,1.5,4.2
SELL,109,XLK,2023-09-12,84.43,1360.93,2023-08-22,83.15,56.58,57.45,1741.99,1684.54,1.49,14,rotation (out of top-N),2023-09-11,82.79,83.5,75.02,85.14,84.94,84.72,85.15,84.44,10.36,0.84,224,2.07,1.1,1.5,4.4
BUY,112,XLK,2023-09-19,82.84,1304.85,,,54.05,,,,,,,2023-09-18,80.76,83.0,75.49,83.19,84.02,84.25,83.19,82.42,6.98,0.92,231,1.4,1.0,1.7,4.7
SELL,111,XLY,2023-09-19,82.48,1310.51,2023-09-12,84.25,55.21,54.05,-2319.61,-2373.65,-2.15,5,rotation (out of top-N),2023-09-18,78.66,81.4,75.0,82.91,83.45,82.66,82.91,82.16,4.88,0.9,140,0.98,0.8,1.8,4.9
BUY,113,XLE,2023-09-26,41.02,2559.14,,,52.49,,,,,,,2023-09-25,41.36,40.44,38.29,41.38,41.38,40.57,41.36,40.9,8.02,1.11,49,1.6,2.3,3.8,5.6
SELL,112,XLK,2023-09-26,80.49,1304.85,2023-09-19,82.84,54.05,52.51,-3066.39,-3118.9,-2.89,5,rotation (out of top-N),2023-09-25,80.53,82.55,75.98,81.03,82.28,83.6,81.05,80.18,5.99,1.07,238,1.2,1.0,1.7,4.7
BUY,114,SMH,2023-10-03,143.34,721.65,,,51.72,,,,,,,2023-10-02,146.36,145.85,134.25,144.26,142.72,147.02,144.25,141.94,9.02,1.6,259,1.8,1.5,1.5,4.0
SELL,113,XLE,2023-10-03,40.44,2559.14,2023-09-26,41.02,52.49,51.75,-1484.3,-1536.05,-1.46,5,rotation (out of top-N),2023-10-02,39.22,40.22,38.3,40.53,41.38,40.82,40.56,39.86,2.41,1.73,56,0.48,2.3,3.9,5.7
BUY,115,XLE,2023-10-17,41.17,2533.69,,,52.16,,,,,,,2023-10-16,41.3,40.53,38.38,41.27,40.57,40.84,41.27,40.86,7.62,0.98,70,1.52,1.9,2.5,5.4
SELL,114,SMH,2023-10-17,144.62,721.65,2023-10-03,143.34,51.72,52.18,923.71,871.53,0.84,10,rotation (out of top-N),2023-10-16,140.19,144.9,136.02,148.07,146.63,146.73,148.01,145.94,3.07,1.4,273,0.61,1.1,1.8,4.8
BUY,116,XLK,2023-10-24,80.95,1274.19,,,51.57,,,,,,,2023-10-23,79.15,81.68,77.88,80.63,81.96,82.86,80.65,79.58,1.64,1.32,266,0.33,1.0,1.9,5.0
SELL,115,XLE,2023-10-24,40.73,2533.69,2023-10-17,41.17,52.16,51.6,-1114.82,-1166.42,-1.12,5,rotation (out of top-N),2023-10-23,38.72,40.2,38.34,40.63,41.1,41.07,40.63,40.01,1.0,1.53,77,0.2,1.8,2.7,5.6
BUY,117,SMH,2023-10-31,136.1,772.0,,,52.53,,,,,,,2023-10-30,147.5,144.12,137.36,136.1,139.47,144.12,136.12,134.0,7.38,1.56,287,1.48,1.4,1.6,4.2
SELL,107,QQQ,2023-10-31,343.73,305.83,2023-07-25,370.48,56.65,52.56,-8180.91,-8233.47,-7.27,69,rotation (out of top-N),2023-10-30,361.92,355.49,337.44,343.7,347.87,357.54,343.43,339.81,7.26,1.05,259,1.45,1.1,1.6,4.6
BUY,118,VGT,2023-11-28,56.43,2033.97,,,57.39,,,,,,,2023-11-27,57.22,54.31,51.12,56.59,55.96,52.89,56.79,56.54,11.93,0.44,301,2.39,0.9,1.4,4.5
SELL,110,XLC,2023-11-28,68.2,1683.86,2023-09-12,65.57,55.21,57.42,4428.55,4371.13,3.96,54,rotation (out of top-N),2023-11-27,67.76,66.12,61.6,68.35,67.89,65.45,68.36,68.02,10.0,0.49,287,2.0,0.8,1.5,4.7
BUY,119,QQQ,2024-01-09,396.58,297.68,,,59.03,,,,,,,2024-01-08,404.13,390.08,360.54,399.58,397.32,389.13,399.38,396.79,12.09,0.65,329,2.42,1.0,1.4,4.4
SELL,118,VGT,2024-01-09,58.07,2033.97,2023-11-28,56.43,57.39,59.06,3335.71,3276.66,2.85,28,rotation (out of top-N),2024-01-08,59.42,57.46,53.16,58.48,58.32,57.55,58.47,58.02,11.77,0.78,343,2.35,1.1,1.4,4.3
BUY,120,XLC,2024-01-23,73.39,1689.81,,,62.01,,,,,,,2024-01-22,75.47,70.77,64.9,72.85,71.66,69.68,72.82,72.28,16.29,0.74,343,3.26,1.3,1.2,3.9
SELL,119,QQQ,2024-01-23,416.83,297.68,2024-01-09,396.58,59.03,62.04,6027.92,5965.88,5.05,9,rotation (out of top-N),2024-01-22,418.19,398.98,365.8,416.14,406.88,395.7,416.07,413.21,14.32,0.69,343,2.86,1.2,1.3,4.1
BUY,121,VGT,2024-02-06,62.5,2074.81,,,64.84,,,,,,,2024-02-05,64.32,60.41,54.73,62.35,61.85,59.87,62.31,61.83,17.52,0.76,371,3.5,1.4,1.1,3.7
SELL,120,XLC,2024-02-06,76.78,1689.81,2024-01-23,73.39,62.01,64.87,5728.44,5663.57,4.57,10,rotation (out of top-N),2024-02-05,76.92,72.88,65.9,76.38,75.06,71.52,76.39,75.28,16.72,1.46,357,3.34,1.8,1.2,3.4
BUY,122,VUG,2024-02-13,54.19,2361.23,,,63.98,,,,,,,2024-02-12,54.89,52.65,47.73,55.3,54.45,52.14,55.29,55.07,15.01,0.4,364,3.0,1.0,1.2,4.2
BUY,123,XLC,2024-02-13,75.97,1684.28,,,63.98,,,,,,,2024-02-12,76.7,73.58,66.38,77.16,76.17,72.59,77.16,76.6,15.55,0.72,364,3.11,1.3,1.2,4.0
SELL,121,VGT,2024-02-13,62.42,2074.81,2024-02-06,62.5,64.84,64.75,-165.98,-230.74,-0.18,5,rotation (out of top-N),2024-02-12,62.79,60.85,55.12,63.92,62.93,60.54,63.9,63.49,13.92,0.64,378,2.78,1.1,1.3,4.2
SELL,116,XLK,2024-02-13,99.35,1274.19,2023-10-24,80.95,51.57,63.3,23445.18,23381.88,22.67,76,rotation (out of top-N),2024-02-12,99.73,96.91,87.26,101.55,100.32,96.38,101.54,100.81,14.29,0.71,378,2.86,1.2,1.3,4.1
BUY,124,XLK,2024-02-27,101.44,1268.02,,,64.31,,,,,,,2024-02-26,103.76,98.77,88.44,101.17,100.34,97.68,101.17,100.54,17.32,0.63,392,3.46,1.3,1.1,3.9
SELL,123,XLC,2024-02-27,76.37,1684.28,2024-02-13,75.97,63.98,64.31,673.71,609.4,0.48,9,rotation (out of top-N),2024-02-26,77.74,74.91,67.28,76.33,76.81,74.14,76.33,75.83,15.55,0.66,378,3.11,1.2,1.2,4.0
BUY,125,XLF,2024-03-05,38.75,3360.27,,,65.11,,,,,,,2024-03-04,39.1,37.67,34.08,38.88,38.6,37.43,38.86,38.6,14.73,0.66,112,2.95,1.3,1.4,4.2
SELL,124,XLK,2024-03-05,102.74,1268.02,2024-02-27,101.44,64.31,65.14,1648.43,1583.29,1.23,5,rotation (out of top-N),2024-03-04,102.08,99.37,88.95,103.76,101.78,98.86,103.77,103.01,14.76,0.74,399,2.95,1.2,1.3,4.0
BUY,126,XLC,2024-03-19,78.32,1687.46,,,66.08,,,,,,,2024-03-18,79.71,76.39,68.52,78.62,77.55,76.49,78.64,77.93,16.33,0.91,399,3.27,1.4,1.2,3.8
SELL,122,VUG,2024-03-19,56.0,2361.23,2024-02-13,54.19,63.98,66.11,4273.82,4207.7,3.29,24,rotation (out of top-N),2024-03-18,57.11,54.96,49.23,56.2,56.04,54.95,56.35,55.97,16.01,0.67,399,3.2,1.2,1.2,4.0
BUY,127,VUG,2024-04-09,56.75,2388.56,,,67.78,,,,,,,2024-04-08,56.3,55.66,50.02,56.54,56.49,56.02,56.54,56.01,12.55,0.93,420,2.51,1.2,1.4,4.1
SELL,125,XLF,2024-04-09,40.36,3360.27,2024-03-05,38.75,65.11,67.81,5410.03,5342.22,4.1,24,rotation (out of top-N),2024-04-08,38.71,38.96,35.08,40.34,40.16,39.2,40.33,40.02,10.34,0.76,147,2.07,1.0,1.5,4.5
BUY,128,XLF,2024-04-16,38.55,3419.78,,,65.92,,,,,,,2024-04-15,39.02,38.97,35.24,38.52,39.46,39.39,38.53,38.04,10.72,1.28,154,2.14,1.4,1.5,4.1
SELL,127,VUG,2024-04-16,55.22,2388.56,2024-04-09,56.75,67.78,65.95,-3654.5,-3720.45,-2.74,5,rotation (out of top-N),2024-04-15,53.19,55.21,50.16,55.25,56.29,56.16,55.23,54.63,6.03,1.08,427,1.21,1.0,1.7,4.7
BUY,129,VUG,2024-04-30,55.28,2386.91,,,65.97,,,,,,,2024-04-29,55.91,55.35,50.57,55.42,54.92,55.93,55.39,55.01,10.57,0.68,441,2.11,1.0,1.5,4.5
BUY,130,XLU,2024-04-30,31.27,4219.65,,,65.97,,,,,,,2024-04-29,32.07,30.46,29.03,31.45,30.93,30.19,31.45,31.19,10.48,0.84,49,2.1,2.3,3.7,5.6
SELL,126,XLC,2024-04-30,76.86,1687.46,2024-03-19,78.32,66.08,64.85,-2463.69,-2528.53,-1.91,29,rotation (out of top-N),2024-04-29,78.14,77.9,70.77,77.14,77.89,78.57,77.14,76.26,10.41,1.15,441,2.08,1.3,1.5,4.2
SELL,128,XLF,2024-04-30,39.3,3419.78,2024-04-16,38.55,65.92,67.2,2564.83,2497.63,1.89,10,rotation (out of top-N),2024-04-29,39.18,39.08,35.53,39.39,39.36,39.53,39.38,39.17,10.28,0.53,168,2.06,0.9,1.5,4.6
BUY,131,XLF,2024-05-07,39.78,3403.27,,,67.69,,,,,,,2024-05-06,40.42,39.32,35.71,39.69,39.3,39.56,39.68,39.39,13.2,0.73,175,2.64,1.1,1.3,4.2
SELL,129,VUG,2024-05-07,56.72,2386.91,2024-04-30,55.28,65.97,67.69,3437.15,3369.46,2.55,5,rotation (out of top-N),2024-05-06,56.71,55.6,50.82,56.66,55.28,55.84,56.65,56.25,11.58,0.71,448,2.32,1.1,1.4,4.4
BUY,132,VGT,2024-05-21,66.39,2078.63,,,69.0,,,,,,,2024-05-20,67.42,64.2,58.98,66.69,65.02,63.37,66.67,66.28,14.31,0.58,476,2.86,1.1,1.3,4.2
SELL,131,XLF,2024-05-21,40.57,3403.27,2024-05-07,39.78,67.69,69.04,2688.59,2619.55,1.93,10,rotation (out of top-N),2024-05-20,40.21,39.74,36.09,40.5,40.41,39.75,40.51,40.32,11.4,0.48,189,2.28,0.9,1.4,4.5
BUY,133,VUG,2024-06-04,58.28,2432.22,,,70.87,,,,,,,2024-06-03,59.56,57.24,52.06,58.28,58.1,56.42,58.26,57.66,14.41,1.03,476,2.88,1.4,1.3,3.9
SELL,130,XLU,2024-06-04,33.61,4219.65,2024-04-30,31.27,65.97,70.91,9873.98,9803.07,7.43,24,rotation (out of top-N),2024-06-03,32.78,32.38,29.58,33.7,33.58,32.15,33.69,33.32,10.8,1.09,84,2.16,1.9,2.1,4.8
BUY,134,XLK,2024-06-11,106.32,1365.48,,,72.59,,,,,,,2024-06-10,112.27,104.6,95.46,106.59,105.5,101.75,106.61,105.86,17.61,0.7,497,3.52,1.3,1.1,3.8
SELL,133,VUG,2024-06-11,59.72,2432.22,2024-06-04,58.28,70.87,72.63,3502.39,3429.77,2.42,5,rotation (out of top-N),2024-06-10,61.44,58.01,52.42,59.74,58.98,56.77,59.73,59.42,17.21,0.52,483,3.44,1.2,1.1,3.9
BUY,135,VUG,2024-06-25,61.27,2465.36,,,75.53,,,,,,,2024-06-24,61.76,59.22,53.22,60.98,61.04,58.33,61.0,60.55,16.05,0.73,497,3.21,1.3,1.2,3.9
SELL,134,XLK,2024-06-25,110.68,1365.48,2024-06-11,106.32,72.59,75.57,5953.49,5877.92,4.05,9,rotation (out of top-N),2024-06-24,111.76,107.09,96.98,109.88,110.95,105.0,109.97,108.88,15.24,0.99,511,3.05,1.4,1.2,3.8
BUY,137,IJR,2024-07-23,110.78,1368.82,,,75.82,,,,,,,2024-07-22,113.88,106.55,101.29,111.58,109.04,104.49,111.56,110.38,12.43,1.06,231,2.49,1.3,1.4,4.1
BUY,136,IWM,2024-07-23,214.5,706.94,,,75.82,,,,,,,2024-07-22,219.41,204.89,192.77,215.56,210.69,200.75,215.62,213.34,13.82,1.06,224,2.76,1.4,1.3,3.9
SELL,132,VGT,2024-07-23,72.12,2078.63,2024-05-21,66.39,69.0,74.96,11910.57,11835.61,8.58,42,rotation (out of top-N),2024-07-22,69.53,70.08,63.15,72.34,72.76,70.87,72.28,71.48,10.1,1.1,539,2.02,1.2,1.5,4.3
SELL,135,VUG,2024-07-23,62.3,2465.36,2024-06-25,61.27,75.53,76.8,2539.32,2462.53,1.63,19,rotation (out of top-N),2024-07-22,59.73,60.65,54.93,62.24,62.61,61.32,62.25,61.67,8.75,0.93,525,1.75,1.1,1.6,4.5
BUY,140,XLC,2024-07-30,82.63,1988.67,,,82.16,,,,,,,2024-07-29,82.77,82.51,76.7,82.48,82.58,83.14,82.48,81.67,7.92,0.98,532,1.58,1.1,1.6,4.6
BUY,139,XLRE,2024-07-30,38.49,4269.25,,,82.16,,,,,,,2024-07-29,39.15,37.0,35.43,38.33,37.81,36.31,38.33,37.94,10.51,1.01,231,2.1,1.2,1.5,4.3
BUY,138,XLU,2024-07-30,33.74,4870.29,,,82.16,,,,,,,2024-07-29,35.07,33.29,30.66,33.78,33.38,32.96,33.77,33.5,14.38,0.8,140,2.88,1.2,1.3,4.0
SELL,137,IJR,2024-07-30,113.37,1368.82,2024-07-23,110.78,75.82,77.59,3545.24,3467.65,2.29,5,rotation (out of top-N),2024-07-29,107.45,106.71,101.87,113.15,111.25,105.51,113.11,111.71,5.47,1.23,238,1.09,1.1,1.7,4.6
SELL,136,IWM,2024-07-30,217.94,706.94,2024-07-23,214.5,75.82,77.03,2431.86,2354.82,1.55,5,rotation (out of top-N),2024-07-29,204.43,204.8,193.95,216.97,214.58,202.95,216.94,214.67,5.4,1.05,231,1.08,1.0,1.7,4.8
SELL,117,SMH,2024-07-30,238.42,772.0,2023-10-31,136.1,52.53,92.03,78990.83,78898.8,75.09,186,rotation (out of top-N),2024-07-29,216.79,243.27,208.9,236.81,246.91,257.81,236.81,231.87,3.78,2.09,560,0.76,1.6,1.8,4.2
BUY,141,SMH,2024-08-13,228.82,726.1,,,83.07,,,,,,,2024-08-12,244.86,240.57,213.03,225.26,224.92,250.81,225.26,220.64,14.94,2.05,574,2.99,2.1,1.3,3.1
BUY,142,VGT,2024-08-13,67.34,2467.26,,,83.07,,,,,,,2024-08-12,70.91,69.19,64.31,66.67,66.6,70.7,66.53,65.81,10.26,1.08,560,2.05,1.2,1.5,4.3
SELL,140,XLC,2024-08-13,83.11,1988.67,2024-07-30,82.63,82.16,82.64,954.56,871.92,0.53,10,rotation (out of top-N),2024-08-12,84.26,82.93,77.59,82.65,82.4,83.22,82.64,81.95,8.6,0.84,546,1.72,1.0,1.6,4.6
SELL,139,XLRE,2024-08-13,39.14,4269.25,2024-07-30,38.49,82.16,83.55,2775.01,2691.46,1.64,10,rotation (out of top-N),2024-08-12,39.15,37.7,35.8,38.87,38.69,37.17,38.86,38.5,9.36,0.93,245,1.87,1.1,1.5,4.4
BUY,143,XLRE,2024-08-20,39.36,4498.59,,,88.53,,,,,,,2024-08-19,40.56,38.22,36.0,39.38,39.04,37.62,39.39,39.17,12.68,0.56,252,2.54,1.0,1.4,4.4
SELL,142,VGT,2024-08-20,71.77,2467.26,2024-08-13,67.34,83.07,88.54,10929.97,10841.43,6.53,5,rotation (out of top-N),2024-08-19,71.82,69.67,64.7,71.9,69.1,70.47,71.88,71.41,11.0,0.66,567,2.2,1.0,1.5,4.5
BUY,144,XLF,2024-08-27,43.33,4000.7,,,86.68,,,,,,,2024-08-26,44.37,41.99,39.2,43.24,42.48,41.51,43.24,42.93,13.19,0.72,287,2.64,1.1,1.3,4.2
SELL,141,SMH,2024-08-27,238.86,726.1,2024-08-13,228.82,83.07,86.72,7290.01,7203.29,4.34,10,rotation (out of top-N),2024-08-26,241.63,241.65,217.24,240.75,241.26,245.85,240.76,235.81,11.23,2.05,588,2.25,1.9,1.4,3.5
BUY,145,XLP,2024-09-10,79.25,2207.48,,,87.47,,,,,,,2024-09-09,79.65,76.78,71.82,79.36,78.5,75.87,79.35,78.79,10.9,0.71,224,2.18,1.0,1.5,4.4
SELL,144,XLF,2024-09-10,43.75,4000.7,2024-08-27,43.33,86.68,87.52,1680.3,1592.78,0.92,9,rotation (out of top-N),2024-09-09,43.18,42.35,39.62,43.61,43.48,42.24,43.58,43.09,8.98,1.13,301,1.8,1.2,1.6,4.3
BUY,146,XLF,2024-09-17,43.84,4010.62,,,87.91,,,,,,,2024-09-16,44.3,42.71,39.84,43.74,43.35,42.39,43.73,43.4,11.21,0.76,308,2.24,1.1,1.4,4.4
SELL,145,XLP,2024-09-17,79.69,2207.48,2024-09-10,79.25,87.47,87.96,971.29,883.33,0.5,5,rotation (out of top-N),2024-09-16,78.81,77.15,72.14,79.96,79.09,76.53,79.94,79.44,9.25,0.62,231,1.85,0.9,1.5,4.7
BUY,147,EEM,2024-09-24,43.13,4099.68,,,88.41,,,,,,,2024-09-23,44.52,41.63,39.66,42.06,41.3,40.76,42.08,41.88,12.27,0.47,280,2.45,0.9,1.4,4.5
SELL,146,XLF,2024-09-24,44.11,4010.62,2024-09-17,43.84,87.91,88.45,1082.87,994.41,0.57,5,rotation (out of top-N),2024-09-23,43.96,42.93,40.04,44.24,43.87,42.69,44.25,43.96,9.8,0.66,315,1.96,0.9,1.5,4.6
BUY,149,XLF,2024-10-08,44.07,4132.12,,,91.05,,,,,,,2024-10-07,45.28,43.59,40.47,43.9,43.96,43.38,43.9,43.57,11.9,0.75,329,2.38,1.1,1.4,4.3
BUY,148,XLI,2024-10-08,132.49,1374.46,,,91.05,,,,,,,2024-10-07,135.15,128.57,120.31,131.98,131.4,127.06,131.95,130.73,12.33,0.93,329,2.47,1.2,1.4,4.1
SELL,147,EEM,2024-10-08,44.08,4099.68,2024-09-24,43.13,88.41,90.36,3894.7,3804.34,2.15,10,rotation (out of top-N),2024-10-07,44.29,42.59,40.0,45.24,44.15,41.89,45.27,44.92,10.74,0.76,294,2.15,1.0,1.5,4.4
SELL,143,XLRE,2024-10-08,40.85,4498.59,2024-08-20,39.36,88.53,91.88,6702.9,6611.01,3.73,34,rotation (out of top-N),2024-10-07,40.9,40.54,37.03,40.69,41.44,40.96,40.69,40.31,10.46,0.94,301,2.09,1.1,1.5,4.3
BUY,150,XLRE,2024-10-15,41.36,4522.72,,,93.53,,,,,,,2024-10-14,42.14,40.83,37.17,41.18,41.08,41.18,41.18,40.93,13.37,0.6,308,2.67,1.1,1.3,4.3
SELL,148,XLI,2024-10-15,136.1,1374.46,2024-10-08,132.49,91.05,93.53,4961.81,4868.28,2.67,5,rotation (out of top-N),2024-10-14,135.98,129.91,121.0,135.96,133.23,128.52,135.94,135.01,12.38,0.68,336,2.48,1.1,1.4,4.3
BUY,151,XLC,2024-10-29,89.58,2094.2,,,93.8,,,,,,,2024-10-28,90.53,87.81,82.25,89.58,88.98,87.01,89.55,88.87,10.07,0.76,623,2.01,1.0,1.5,4.5
SELL,150,XLRE,2024-10-29,41.5,4522.72,2024-10-15,41.36,93.53,93.85,633.18,539.33,0.29,10,rotation (out of top-N),2024-10-28,40.25,40.82,37.44,41.64,41.58,41.57,41.64,41.23,7.51,0.97,322,1.5,1.0,1.6,4.6
BUY,152,IWM,2024-11-05,215.36,854.91,,,92.06,,,,,,,2024-11-04,233.8,218.08,204.98,216.1,216.33,215.26,216.11,214.11,14.06,0.92,329,2.81,1.3,1.3,4.0
BUY,153,XLY,2024-11-05,98.49,1869.36,,,92.06,,,,,,,2024-11-04,106.01,98.14,90.91,98.26,98.13,97.14,98.28,97.15,16.61,1.15,553,3.32,1.6,1.2,3.6
SELL,151,XLC,2024-11-05,90.59,2094.2,2024-10-29,89.58,93.8,94.86,2115.14,2020.29,1.08,5,rotation (out of top-N),2024-11-04,94.23,88.97,82.67,90.22,89.9,87.95,90.23,89.46,13.98,0.85,630,2.8,1.3,1.3,4.0
SELL,138,XLU,2024-11-05,36.71,4870.29,2024-07-30,33.74,82.16,89.39,14464.75,14375.36,8.75,69,rotation (out of top-N),2024-11-04,37.67,37.41,33.51,36.73,37.8,37.95,36.73,36.32,12.4,1.12,238,2.48,1.4,1.4,4.0
BUY,154,XLC,2024-11-12,94.83,2123.89,,,100.7,,,,,,,2024-11-11,93.22,89.75,83.08,94.76,92.47,89.18,94.77,94.36,12.21,0.44,637,2.44,0.9,1.4,4.5
SELL,152,IWM,2024-11-12,235.61,854.91,2024-11-05,215.36,92.06,100.71,17311.95,17211.24,9.35,5,rotation (out of top-N),2024-11-11,224.34,219.22,205.73,237.32,226.63,218.15,237.34,235.33,9.04,0.85,336,1.81,1.0,1.5,4.5
BUY,155,XLU,2024-11-19,37.89,5228.95,,,99.06,,,,,,,2024-11-18,38.75,37.7,34.01,38.03,37.56,38.02,38.02,37.69,13.93,0.88,252,2.79,1.3,1.3,4.0
SELL,154,XLC,2024-11-19,93.33,2123.89,2024-11-12,94.83,100.7,99.11,-3185.83,-3284.94,-1.63,5,rotation (out of top-N),2024-11-18,94.92,90.69,83.53,94.14,93.71,90.2,94.16,93.4,13.63,0.81,644,2.73,1.2,1.3,4.1
BUY,156,XLC,2024-12-03,97.28,2086.64,,,101.49,,,,,,,2024-12-02,98.89,93.03,84.53,97.2,95.62,91.89,97.18,96.71,16.98,0.48,658,3.4,1.2,1.2,4.0
SELL,155,XLU,2024-12-03,38.84,5228.95,2024-11-19,37.89,99.06,101.55,4967.51,4865.96,2.46,9,rotation (out of top-N),2024-12-02,37.91,38.0,34.51,38.61,38.77,38.13,38.61,38.27,9.86,0.89,266,1.97,1.1,1.5,4.4
BUY,157,VUG,2024-12-10,69.76,2867.85,,,100.03,,,,,,,2024-12-09,70.05,66.87,61.25,69.51,68.68,66.29,69.49,69.16,14.38,0.47,665,2.88,1.0,1.3,4.2
SELL,149,XLF,2024-12-10,48.44,4132.12,2024-10-08,44.07,91.05,100.08,18057.38,17957.3,9.86,44,rotation (out of top-N),2024-12-09,48.23,47.58,42.73,48.4,49.01,47.53,48.42,48.09,12.88,0.68,392,2.58,1.1,1.4,4.3
BUY,158,XLF,2025-01-14,46.79,4140.72,,,96.87,,,,,,,2025-01-13,49.11,47.63,43.7,46.6,47.1,48.17,46.58,46.15,12.38,0.92,427,2.48,1.2,1.4,4.2
SELL,157,VUG,2025-01-14,67.59,2867.85,2024-12-10,69.76,100.03,96.92,-6223.24,-6320.16,-3.16,22,rotation (out of top-N),2025-01-13,68.85,68.0,62.78,67.13,68.34,68.5,67.13,66.21,9.67,1.36,700,1.93,1.4,1.5,4.1
BUY,159,EFA,2025-03-04,77.83,2469.8,,,96.11,,,,,,,2025-03-03,80.25,76.52,75.0,78.39,77.7,75.27,78.44,77.61,6.99,1.05,21,1.4,2.7,4.3,6.2
SELL,153,XLY,2025-03-04,102.88,1869.36,2024-11-05,98.49,92.06,96.16,8206.51,8110.35,4.41,79,rotation (out of top-N),2025-03-03,101.55,108.52,100.68,104.66,107.44,111.18,104.59,102.8,0.86,1.72,672,0.17,1.2,2.0,4.8
BUY,160,XLE,2025-03-25,44.86,4539.28,,,101.82,,,,,,,2025-03-24,44.46,43.26,42.73,44.66,43.59,42.83,44.65,44.16,4.05,1.11,42,0.81,2.2,4.1,6.2
SELL,156,XLC,2025-03-25,97.64,2086.64,2024-12-03,97.28,101.49,101.87,751.19,649.32,0.32,75,rotation (out of top-N),2025-03-24,94.32,97.22,91.78,97.23,95.97,99.16,97.25,96.26,2.76,1.02,770,0.55,0.8,1.9,5.0
BUY,161,XLP,2025-04-01,79.11,2562.5,,,101.36,,,,,,,2025-03-31,75.82,77.06,76.87,78.92,77.53,77.78,78.9,78.18,-1.37,0.91,49,-0.27,1.7,4.3,6.7
BUY,162,XLU,2025-04-01,38.07,5324.92,,,101.36,,,,,,,2025-03-31,36.0,37.37,36.89,38.09,37.66,37.72,38.08,37.67,-2.4,1.08,385,-0.48,0.6,2.1,5.5
SELL,160,XLE,2025-04-01,44.97,4539.28,2025-03-25,44.86,101.82,102.07,499.32,397.26,0.2,5,rotation (out of top-N),2025-03-31,37.88,42.28,42.61,44.95,44.35,43.09,44.95,44.46,-11.1,1.08,49,-2.22,1.3,4.7,7.6
SELL,158,XLF,2025-04-01,48.69,4140.72,2025-01-14,46.79,96.87,100.81,7867.37,7766.57,4.01,53,rotation (out of top-N),2025-03-31,43.38,47.77,46.17,48.88,48.72,49.28,48.85,48.36,-6.04,1.01,504,-1.21,0.4,2.3,5.9
BUY,163,XLF,2025-04-22,45.48,4432.01,,,100.78,,,,,,,2025-04-21,47.12,47.12,46.56,44.8,45.74,47.64,44.79,44.12,1.2,1.51,525,0.24,1.1,1.9,4.9
SELL,161,XLP,2025-04-22,78.66,2562.5,2025-04-01,79.11,101.36,100.78,-1153.13,-1253.91,-0.62,14,rotation (out of top-N),2025-04-21,78.12,77.63,77.22,78.36,77.85,77.87,78.36,77.53,1.16,1.06,70,0.23,1.6,2.8,6.0
BUY,164,EEM,2025-04-29,42.34,4771.68,,,101.02,,,,,,,2025-04-28,43.71,42.05,41.93,42.28,41.52,41.95,42.29,42.09,4.23,0.47,0,0.85,2.5,4.8,7.3
SELL,162,XLU,2025-04-29,37.96,5324.92,2025-04-01,38.07,101.36,101.07,-585.74,-686.81,-0.34,19,rotation (out of top-N),2025-04-28,38.53,37.62,37.33,38.01,37.57,37.37,38.02,37.68,3.2,0.91,413,0.64,0.8,1.8,5.1
BUY,165,XLC,2025-05-13,98.01,2153.7,,,105.54,,,,,,,2025-05-12,100.27,95.2,93.41,97.73,95.47,93.15,97.72,96.66,7.34,1.08,819,1.47,1.1,1.6,4.5
SELL,164,EEM,2025-05-13,44.26,4771.68,2025-04-29,42.34,101.02,105.6,9161.62,9056.02,4.48,10,rotation (out of top-N),2025-05-12,44.94,42.81,42.15,44.57,43.38,42.15,44.61,44.33,6.62,0.62,14,1.32,2.5,4.4,6.7
BUY,166,EEM,2025-05-20,44.85,4979.8,,,111.67,,,,,,,2025-05-19,44.91,43.19,42.24,45.03,44.37,42.3,45.02,44.84,6.33,0.41,21,1.27,2.2,4.3,6.7
SELL,163,XLF,2025-05-20,50.42,4432.01,2025-04-22,45.48,100.78,111.73,21894.13,21782.4,10.81,20,rotation (out of top-N),2025-05-19,49.12,48.39,47.34,50.66,49.73,47.68,50.65,50.34,3.77,0.61,553,0.75,0.6,1.8,5.2
BUY,167,SMH,2025-06-17,261.63,841.46,,,110.08,,,,,,,2025-06-16,259.46,240.12,238.09,262.56,255.97,233.8,262.7,259.02,8.97,1.4,0,1.79,3.4,4.6,6.2
SELL,165,XLC,2025-06-17,102.27,2153.7,2025-05-13,98.01,105.54,110.13,9174.77,9064.64,4.29,24,rotation (out of top-N),2025-06-16,101.32,98.79,95.45,102.8,101.73,97.89,102.83,101.91,6.15,0.9,854,1.23,0.9,1.7,4.8
BUY,168,XLC,2025-06-24,103.28,2242.34,,,115.79,,,,,,,2025-06-23,106.34,100.16,95.93,102.6,101.87,99.11,102.59,101.42,10.85,1.14,861,2.17,1.3,1.5,4.2
SELL,166,EEM,2025-06-24,46.53,4979.8,2025-05-20,44.85,111.67,115.86,8366.07,8250.21,3.69,23,rotation (out of top-N),2025-06-23,47.17,44.88,42.79,45.81,45.74,44.65,45.77,45.53,10.22,0.52,56,2.04,1.9,3.6,5.7
BUY,169,VGT,2025-07-01,82.24,2747.17,,,112.96,,,,,,,2025-06-30,83.88,77.32,74.75,82.55,80.4,76.46,82.64,82.18,12.21,0.56,14,2.44,2.7,4.2,6.2
BUY,170,XLK,2025-07-01,125.55,1799.5,,,112.96,,,,,,,2025-06-30,127.81,117.84,113.01,125.95,122.83,116.53,126.02,124.99,13.1,0.81,21,2.62,2.8,4.0,5.8
SELL,159,EFA,2025-07-01,86.16,2469.8,2025-03-04,77.83,96.11,106.4,20573.46,20467.06,10.65,82,rotation (out of top-N),2025-06-30,86.56,83.82,77.61,86.43,85.31,83.99,86.43,86.01,11.53,0.48,140,2.31,0.9,1.4,4.5
SELL,168,XLC,2025-07-01,106.76,2242.34,2025-06-24,103.28,115.79,119.7,7803.33,7683.64,3.32,5,rotation (out of top-N),2025-06-30,106.7,101.35,96.4,107.18,104.26,100.55,107.16,106.16,10.69,0.94,868,2.14,1.2,1.5,4.3
BUY,171,EEM,2025-08-19,49.14,4863.41,,,119.49,,,,,,,2025-08-18,49.66,47.82,43.78,49.27,48.78,47.95,49.27,49.14,13.43,0.27,112,2.69,1.0,1.5,4.6
BUY,172,EFA,2025-08-19,89.27,2677.14,,,119.49,,,,,,,2025-08-18,90.14,86.8,79.68,89.04,87.9,86.41,89.06,88.79,13.12,0.3,189,2.62,0.9,1.3,4.5
SELL,169,VGT,2025-08-19,87.36,2747.17,2025-07-01,82.24,112.96,120.0,14065.49,13945.5,6.17,34,rotation (out of top-N),2025-08-18,86.39,83.82,76.69,87.37,86.97,84.65,87.39,86.97,12.65,0.49,63,2.53,1.9,2.3,5.4
SELL,170,XLK,2025-08-19,132.39,1799.5,2025-07-01,125.55,112.96,119.12,12308.57,12189.45,5.4,34,rotation (out of top-N),2025-08-18,130.53,127.36,115.88,132.44,132.04,128.87,132.44,131.48,12.64,0.73,70,2.53,2.0,2.2,5.1
BUY,173,VGT,2025-08-26,86.24,2766.04,,,119.27,,,,,,,2025-08-25,86.75,84.35,76.93,86.18,86.2,85.26,86.22,85.59,12.76,0.73,70,2.55,2.0,2.2,5.1
BUY,174,XLK,2025-08-26,130.34,1830.16,,,119.27,,,,,,,2025-08-25,130.54,127.94,116.25,130.23,130.66,129.66,130.24,129.11,12.29,0.87,77,2.46,1.9,2.1,4.9
SELL,171,EEM,2025-08-26,49.32,4863.41,2025-08-19,49.14,119.49,119.93,875.41,755.48,0.32,5,rotation (out of top-N),2025-08-25,48.9,48.02,43.97,49.37,49.02,48.23,49.4,49.25,11.21,0.3,119,2.24,0.8,1.5,4.7
SELL,172,EFA,2025-08-26,88.7,2677.14,2025-08-19,89.27,119.49,118.73,-1525.97,-1644.7,-0.69,5,rotation (out of top-N),2025-08-25,88.45,87.1,80.08,88.95,88.78,86.92,88.95,88.62,10.46,0.37,196,2.09,0.8,1.5,4.7
BUY,175,EEM,2025-09-09,50.13,4819.77,,,120.81,,,,,,,2025-09-08,51.26,48.82,44.41,49.93,49.23,48.61,49.95,49.75,15.43,0.4,133,3.09,1.0,1.2,4.2
SELL,174,XLK,2025-09-09,132.02,1830.16,2025-08-26,130.34,119.27,120.81,3074.67,2953.87,1.24,9,rotation (out of top-N),2025-09-08,134.73,129.59,117.02,131.72,130.82,130.54,131.71,130.4,15.13,0.99,91,3.03,1.9,1.7,4.3
BUY,176,XLK,2025-09-16,136.26,1833.44,,,124.91,,,,,,,2025-09-15,138.73,131.25,117.53,135.95,133.27,131.25,135.94,135.19,18.04,0.55,98,3.61,1.6,1.5,4.2
SELL,175,EEM,2025-09-16,51.86,4819.77,2025-09-09,50.13,120.81,124.98,8338.21,8213.23,3.4,5,rotation (out of top-N),2025-09-15,51.99,49.4,44.66,51.63,50.43,49.0,51.63,51.46,16.42,0.34,140,3.28,1.0,1.2,4.1
BUY,177,XLV,2025-11-18,149.83,1695.35,,,127.01,,,,,,,2025-11-17,152.65,143.9,136.51,149.78,147.75,142.37,149.83,148.31,11.82,1.01,49,2.36,2.4,3.6,5.3
SELL,173,VGT,2025-11-18,91.88,2766.04,2025-08-26,86.24,119.27,127.07,15600.48,15473.41,6.49,59,rotation (out of top-N),2025-11-17,89.57,92.64,81.31,92.66,95.18,94.99,92.59,91.11,10.16,1.59,154,2.03,1.6,1.5,3.9
BUY,178,VGT,2025-11-25,90.95,2865.44,,,130.31,,,,,,,2025-11-24,93.72,92.83,81.72,91.82,92.36,94.8,91.82,90.43,14.69,1.52,161,2.94,1.7,1.3,3.5
SELL,177,XLV,2025-11-25,153.8,1695.35,2025-11-18,149.83,127.01,130.37,6730.55,6600.18,2.6,5,rotation (out of top-N),2025-11-24,155.65,146.04,136.84,153.29,150.2,144.52,153.27,151.49,13.75,1.16,56,2.75,2.5,3.4,4.9
BUY,179,IWM,2025-12-09,248.38,1110.5,,,137.91,,,,,,,2025-12-08,251.95,242.97,220.05,248.99,245.4,242.21,248.78,246.91,14.5,0.75,140,2.9,1.2,1.3,4.1
SELL,178,VGT,2025-12-09,96.31,2865.44,2025-11-25,90.95,130.31,137.99,15358.75,15220.77,5.84,9,rotation (out of top-N),2025-12-08,93.94,93.46,82.81,96.52,94.58,94.85,96.66,95.97,13.44,0.71,175,2.69,1.1,1.3,4.2
BUY,180,VGT,2025-12-16,92.57,2989.17,,,138.35,,,,,,,2025-12-15,94.23,93.6,83.42,92.89,94.86,95.08,92.92,91.74,12.96,1.27,182,2.59,1.5,1.4,3.9
SELL,179,IWM,2025-12-16,249.3,1110.5,2025-12-09,248.38,137.91,138.42,1021.66,883.23,0.32,5,rotation (out of top-N),2025-12-15,249.75,244.2,221.3,250.05,249.58,243.17,249.96,247.63,12.86,0.93,147,2.57,1.3,1.4,4.1
BUY,181,EEM,2025-12-30,54.59,5208.53,,,142.17,,,,,,,2025-12-29,55.95,53.76,48.92,54.38,53.83,53.51,54.41,54.23,14.36,0.33,245,2.87,0.9,1.3,4.3
SELL,180,VGT,2025-12-30,95.17,2989.17,2025-12-16,92.57,138.35,142.24,7771.85,7629.61,2.76,9,rotation (out of top-N),2025-12-29,94.29,94.03,84.73,95.17,94.77,94.5,95.19,94.76,11.28,0.46,196,2.26,0.9,1.4,4.6
BUY,182,IWM,2026-01-06,251.19,1056.84,,,132.73,,,,,,,2026-01-05,259.15,248.2,225.78,251.68,249.05,244.66,251.45,249.52,14.78,0.77,168,2.96,1.3,1.3,4.0
SELL,176,XLK,2026-01-06,144.86,1833.44,2025-09-16,136.26,124.91,132.8,15767.57,15634.77,6.26,77,rotation (out of top-N),2026-01-05,145.8,143.68,130.08,144.27,144.41,143.39,144.28,142.86,12.08,0.99,210,2.42,1.3,1.4,4.1
BUY,183,XLE,2026-01-27,48.72,5701.2,,,138.88,,,,,,,2026-01-26,50.36,46.4,43.05,48.55,47.46,45.16,48.54,47.97,16.97,1.18,154,3.39,1.6,1.2,3.5
SELL,182,IWM,2026-01-27,262.96,1056.84,2026-01-06,251.19,132.73,138.95,12439.05,12300.09,4.63,14,rotation (out of top-N),2026-01-26,258.57,254.4,231.52,262.89,262.69,253.37,262.95,260.92,11.68,0.77,189,2.34,1.1,1.4,4.3
BUY,184,XLB,2026-02-10,51.73,6079.09,,,157.24,,,,,,,2026-02-09,52.88,48.55,44.7,51.75,50.31,47.45,51.75,51.28,18.31,0.9,217,3.66,1.5,1.1,3.6
SELL,181,EEM,2026-02-10,60.41,5208.53,2025-12-30,54.59,142.17,157.32,30313.62,30156.3,10.61,28,rotation (out of top-N),2026-02-09,60.8,57.56,51.48,60.2,59.18,56.59,60.2,59.88,18.1,0.53,287,3.62,1.3,1.1,3.8
BUY,185,EEM,2026-02-24,61.92,5154.6,,,159.59,,,,,,,2026-02-23,62.26,59.08,52.34,61.33,60.78,58.32,61.38,60.87,18.95,0.84,301,3.79,1.5,1.1,3.5
SELL,184,XLB,2026-02-24,52.53,6079.09,2026-02-10,51.73,157.24,159.67,4863.27,4703.61,1.5,9,rotation (out of top-N),2026-02-23,52.97,49.95,45.22,52.53,52.18,49.21,52.54,51.98,17.13,1.07,231,3.43,1.6,1.1,3.6
BUY,186,SCHD,2026-03-03,31.12,9547.81,,,148.56,,,,,,,2026-03-02,30.63,29.85,27.17,31.34,31.06,29.59,31.34,31.08,12.72,0.82,196,2.54,1.2,1.4,4.2
SELL,185,EEM,2026-03-03,57.67,5154.6,2026-02-24,61.92,159.59,148.63,-21907.04,-22055.67,-6.91,5,rotation (out of top-N),2026-03-02,57.02,58.7,52.66,61.18,61.61,59.3,61.09,60.35,8.28,1.2,308,1.66,1.2,1.6,4.4
BUY,187,XLB,2026-04-07,49.93,5818.01,,,145.25,,,,,,,2026-04-06,51.77,49.71,46.16,50.03,49.45,50.53,50.03,49.46,12.15,1.14,273,2.43,1.4,1.4,4.0
SELL,186,SCHD,2026-04-07,30.44,9547.81,2026-03-03,31.12,148.56,145.32,-6492.51,-6637.83,-2.23,24,rotation (out of top-N),2026-04-06,30.32,30.09,27.74,30.4,30.31,30.64,30.39,30.23,9.3,0.52,231,1.86,0.8,1.5,4.7
BUY,188,EEM,2026-04-14,61.28,4941.03,,,151.39,,,,,,,2026-04-13,63.31,58.68,54.35,60.75,58.62,58.57,60.77,60.27,16.49,0.82,350,3.3,1.4,1.2,3.8
SELL,187,XLB,2026-04-14,52.07,5818.01,2026-04-07,49.93,145.25,151.47,12450.55,12299.08,4.23,5,rotation (out of top-N),2026-04-13,51.69,50.07,46.33,52.0,50.75,50.43,52.01,51.59,11.57,0.81,280,2.31,1.1,1.4,4.3
BUY,189,XLK,2026-05-05,163.67,2047.44,,,167.55,,,,,,,2026-05-04,175.31,152.62,142.04,161.86,158.14,144.37,161.83,159.92,23.42,1.18,21,4.68,3.6,3.5,4.5
SELL,183,XLE,2026-05-05,58.81,5701.2,2026-01-27,48.72,138.88,167.64,57525.11,57357.46,20.65,68,rotation (out of top-N),2026-05-04,55.3,56.14,48.37,58.96,57.75,57.73,58.98,58.25,14.33,1.24,252,2.87,1.5,1.3,3.7
BUY,190,XLE,2026-05-12,57.32,5676.16,,,162.68,,,,,,,2026-05-11,59.01,56.66,48.81,56.76,56.93,57.8,56.77,56.1,20.89,1.19,259,4.18,1.8,1.0,3.1
SELL,188,EEM,2026-05-12,65.88,4941.03,2026-04-14,61.28,151.39,162.76,22728.75,22565.99,7.45,20,rotation (out of top-N),2026-05-11,64.73,62.2,56.03,67.54,65.47,60.54,67.57,67.17,15.53,0.59,378,3.11,1.2,1.2,4.1
BUY,191,VGT,2026-05-19,111.11,3082.44,,,171.24,,,,,,,2026-05-18,115.61,104.2,94.55,112.0,111.19,99.55,111.94,109.71,22.27,1.99,35,4.45,3.9,3.3,3.9
SELL,190,XLE,2026-05-19,60.37,5676.16,2026-05-12,57.32,162.68,171.33,17312.28,17140.94,5.27,5,rotation (out of top-N),2026-05-18,59.06,57.09,49.25,60.15,57.96,57.84,60.13,59.26,19.91,1.45,266,3.98,2.0,1.0,3.0
BUY,192,IJR,2026-06-23,141.63,2528.09,,,179.03,,,,,,,2026-06-22,147.41,139.19,126.9,143.26,141.6,137.92,143.28,142.05,16.17,0.86,315,3.23,1.4,1.2,3.8
SELL,191,VGT,2026-06-23,116.22,3082.44,2026-05-19,111.11,171.24,179.12,15751.26,15572.14,4.55,23,rotation (out of top-N),2026-06-22,113.86,112.25,98.17,120.37,118.34,113.92,120.44,118.73,15.99,1.42,70,3.2,2.6,2.0,4.3
BUY,193,VGT,2026-06-30,116.73,3187.86,,,186.06,,,,,,,2026-06-29,114.64,112.69,98.73,116.5,116.47,115.42,116.47,114.76,16.11,1.47,77,3.22,2.5,1.9,4.1
SELL,192,IJR,2026-06-30,147.27,2528.09,2026-06-23,141.63,179.03,186.16,14258.45,14072.3,3.93,5,rotation (out of top-N),2026-06-29,146.48,140.51,127.62,147.36,144.46,139.16,147.34,145.94,14.78,0.95,322,2.96,1.4,1.3,3.9
BUY,194,XLE,2026-07-21,58.16,6308.49,,,183.45,,,,,,,2026-07-20,59.62,56.46,52.16,57.94,56.43,55.89,57.95,57.33,14.31,1.07,329,2.86,1.4,1.3,3.9
SELL,193,VGT,2026-07-21,115.15,3187.86,2026-06-30,116.73,186.06,183.54,-5036.82,-5220.36,-1.4,14,rotation (out of top-N),2026-07-20,113.3,113.52,100.35,113.23,115.15,117.2,113.23,111.38,12.9,1.64,98,2.58,2.1,1.7,4.0
BUY,195,VGT,2026-08-04,117.35,3101.9,,,182.0,,,,,,,2026-08-03,115.1,113.75,101.18,113.52,113.05,115.45,115.1,113.05,13.76,1.78,112,2.75,2.0,1.4,3.6
SELL,194,XLE,2026-08-04,57.73,6308.49,2026-07-21,58.16,183.45,182.09,-2712.65,-2894.74,-0.79,10,rotation (out of top-N),2026-08-03,58.78,57.34,52.96,58.96,58.57,56.23,58.78,58.05,10.99,1.25,343,2.2,1.4,1.5,4.1
BUY,196,XLE,2026-08-25,62.3,5845.63,,,182.09,,,,,,,2026-08-24,62.57,59.44,54.28,63.13,62.43,58.32,63.13,62.59,15.27,0.86,364,3.05,1.3,1.2,3.9
SELL,195,VGT,2026-08-25,117.47,3101.9,2026-08-04,117.35,182.0,182.18,356.72,174.54,0.05,15,rotation (out of top-N),2026-08-24,117.58,116.54,103.22,116.41,119.06,116.86,116.41,115.33,13.91,0.93,133,2.78,1.3,1.3,4.0
BUY,197,VGT,2026-09-01,118.75,3870.74,,,229.83,,,,,,,2026-08-31,120.44,117.25,103.89,120.44,119.59,117.21,120.44,119.67,15.93,0.64,140,3.19,1.2,1.2,4.0
SELL,167,SMH,2026-09-01,546.59,841.46,2025-06-17,261.63,110.08,229.96,239777.44,239547.48,108.81,303,rotation (out of top-N),2026-08-31,556.64,568.16,483.57,556.64,560.58,569.12,556.64,551.1,15.11,0.99,441,3.02,1.4,1.2,3.8
SELL,197,VGT,2026-09-09,121.41,3870.74,2026-09-01,118.75,229.83,,10296.16,10296.16,2.24,5,end-of-sample mark-to-market,,,,,,,,,,,,,,,,
SELL,196,XLE,2026-09-09,65.38,5845.63,2026-08-25,62.3,182.09,,18004.54,18004.54,4.94,10,end-of-sample mark-to-market,,,,,,,,,,,,,,,,
SELL,189,XLK,2026-09-09,188.66,2047.44,2026-05-05,163.67,167.55,,51165.41,51165.41,15.27,87,end-of-sample mark-to-market,,,,,,,,,,,,,,,,
