timestamp,open,high,low,close,volume
2020-07-27 00:00:00-04:00,321.625,323.39,320.82,323.26,647693.0
2020-07-28 00:00:00-04:00,322.57,323.635,320.85,321.24,521475.0
2020-07-29 00:00:00-04:00,322.12,325.705,322.12,325.16,600377.0
2020-07-30 00:00:00-04:00,321.71,324.385,319.64,323.96,612074.0
2020-07-31 00:00:00-04:00,325.9,326.6,321.34,326.54,1135945.0
2020-08-03 00:00:00-04:00,328.35,329.615,327.745,328.76,576077.0
2020-08-04 00:00:00-04:00,328.15,330.0,327.96,330.0,658108.0
2020-08-05 00:00:00-04:00,331.43,332.38,331.19,332.08,505770.0
2020-08-06 00:00:00-04:00,331.46,334.46,331.17,334.28,637928.0
2020-08-07 00:00:00-04:00,333.26,334.69,332.31,334.6,646217.0
2020-08-10 00:00:00-04:00,335.055,335.765,332.99,335.52,503468.0
2020-08-11 00:00:00-04:00,336.95,337.53,332.05,332.92,765407.0
2020-08-12 00:00:00-04:00,335.45,338.26,335.45,337.42,751172.0
2020-08-13 00:00:00-04:00,336.66,338.2,335.91,336.88,495840.0
2020-08-14 00:00:00-04:00,336.46,337.39,335.74,336.86,397381.0
2020-08-17 00:00:00-04:00,337.945,338.335,337.515,337.86,379669.0
2020-08-18 00:00:00-04:00,338.35,339.08,336.67,338.63,624322.0
2020-08-19 00:00:00-04:00,339.045,339.61,336.66,337.28,957875.0
2020-08-20 00:00:00-04:00,335.39,338.78,335.22,338.22,557824.0
2020-08-21 00:00:00-04:00,337.92,339.72,337.57,339.44,560454.0
2020-08-24 00:00:00-04:00,342.13,342.97,341.1,342.97,551451.0
2020-08-25 00:00:00-04:00,343.545,344.18,342.305,344.12,597403.0
2020-08-26 00:00:00-04:00,344.74,347.84,344.17,347.61,538806.0
2020-08-27 00:00:00-04:00,348.535,349.86,346.57,348.32,828795.0
2020-08-28 00:00:00-04:00,349.44,350.71,348.235,350.54,538160.0
2020-08-31 00:00:00-04:00,350.35,351.28,349.125,349.34,745582.0
2020-09-01 00:00:00-04:00,350.205,352.66,349.27,352.59,839295.0
2020-09-02 00:00:00-04:00,354.67,358.69,353.46,357.71,896884.0
2020-09-03 00:00:00-04:00,355.89,356.37,342.61,345.42,2064568.0
2020-09-04 00:00:00-04:00,345.8,347.76,334.9,342.61,1242878.0
2020-09-08 00:00:00-04:00,336.67,338.0,332.89,333.26,969669.0
2020-09-09 00:00:00-04:00,337.61,342.44,336.67,339.9,716556.0
2020-09-10 00:00:00-04:00,341.83,342.48,332.89,334.0,869568.0
2020-09-11 00:00:00-04:00,335.8,336.88,331.01,334.02,874751.0
2020-09-14 00:00:00-04:00,337.56,340.3,336.99,338.42,536100.0
2020-09-15 00:00:00-04:00,341.28,341.99,339.02,340.15,483504.0
2020-09-16 00:00:00-04:00,341.6,343.05,338.58,338.81,782760.0
2020-09-17 00:00:00-04:00,333.57,337.655,333.0,335.87,937446.0
2020-09-18 00:00:00-04:00,335.38,335.49,327.975,330.55,1218861.0
2020-09-21 00:00:00-04:00,325.68,327.09,321.75,327.0,1175907.0
2020-09-22 00:00:00-04:00,328.55,330.9,325.96,330.27,548236.0
2020-09-23 00:00:00-04:00,330.905,331.17,322.12,322.67,773794.0
2020-09-24 00:00:00-04:00,321.21,326.77,319.82,323.53,999033.0
2020-09-25 00:00:00-04:00,322.69,329.55,321.69,328.73,744169.0
2020-09-28 00:00:00-04:00,333.23,334.94,332.16,334.16,677013.0
2020-09-29 00:00:00-04:00,333.97,334.735,331.695,332.45,558608.0
2020-09-30 00:00:00-04:00,333.235,338.26,332.95,334.9,1383055.0
2020-10-01 00:00:00-04:00,337.655,338.74,335.04,337.08,733040.0
2020-10-02 00:00:00-04:00,331.58,335.885,331.21,333.82,956452.0
2020-10-05 00:00:00-04:00,336.07,339.95,336.07,339.72,423785.0
2020-10-06 00:00:00-04:00,339.91,342.155,334.42,334.92,866491.0
2020-10-07 00:00:00-04:00,338.12,341.63,338.1,340.72,400362.0
2020-10-08 00:00:00-04:00,342.89,343.83,341.86,343.74,378697.0
2020-10-09 00:00:00-04:00,345.545,347.345,344.905,346.84,444378.0
2020-10-12 00:00:00-04:00,349.6,354.01,349.18,352.37,494638.0
2020-10-13 00:00:00-04:00,352.35,352.35,349.1,350.18,554532.0
2020-10-14 00:00:00-04:00,350.74,351.91,347.14,347.88,386331.0
2020-10-15 00:00:00-04:00,343.71,347.98,343.15,347.46,467653.0
2020-10-16 00:00:00-04:00,349.03,350.675,347.19,347.32,650101.0
2020-10-19 00:00:00-04:00,348.79,349.29,341.105,341.96,679620.0
2020-10-20 00:00:00-04:00,343.42,346.87,342.72,343.38,615695.0
2020-10-21 00:00:00-04:00,343.33,345.61,342.41,342.72,639536.0
2020-10-22 00:00:00-04:00,342.97,345.2,340.67,344.635,520791.0
2020-10-23 00:00:00-04:00,345.91,345.97,343.21,345.65,436313.0
2020-10-26 00:00:00-04:00,342.12,342.98,335.66,339.45,1011587.0
2020-10-27 00:00:00-04:00,339.755,340.07,338.03,338.26,614706.0
2020-10-28 00:00:00-04:00,332.1,332.835,326.14,326.7,1448249.0
2020-10-29 00:00:00-04:00,326.91,333.35,325.11,329.95,1101572.0
2020-10-30 00:00:00-04:00,328.25,329.64,322.635,326.78,1296720.0
2020-11-02 00:00:00-05:00,330.2,332.3,327.25,330.22,799081.0
2020-11-03 00:00:00-05:00,333.695,338.24,333.25,335.97,916626.0
2020-11-04 00:00:00-05:00,340.86,347.905,339.62,343.46,1941569.0
2020-11-05 00:00:00-05:00,349.275,352.17,348.9,350.33,1143648.0
2020-11-06 00:00:00-05:00,349.92,351.45,347.74,350.16,603084.0
2020-11-09 00:00:00-05:00,363.97,364.315,354.08,354.55,940070.0
2020-11-10 00:00:00-05:00,353.52,355.08,350.595,354.1,698359.0
2020-11-11 00:00:00-05:00,356.39,357.53,355.09,356.69,567428.0
2020-11-12 00:00:00-05:00,355.57,356.345,351.29,353.22,794840.0
2020-11-13 00:00:00-05:00,355.27,358.88,354.745,357.94,744824.0
2020-11-16 00:00:00-05:00,361.1,362.46,359.63,362.43,783943.0
2020-11-17 00:00:00-05:00,359.985,361.875,358.375,360.67,827448.0
2020-11-18 00:00:00-05:00,360.98,361.5,356.25,356.25,1026905.0
2020-11-19 00:00:00-05:00,355.51,358.16,354.33,357.85,965976.0
2020-11-20 00:00:00-05:00,357.48,357.68,355.28,355.38,844641.0
2020-11-23 00:00:00-05:00,357.27,358.69,354.9,357.51,732916.0
2020-11-24 00:00:00-05:00,360.26,363.76,359.31,363.2,1316995.0
2020-11-25 00:00:00-05:00,363.13,363.16,361.51,362.63,637659.0
2020-11-27 00:00:00-05:00,363.96,364.165,362.59,363.7,309433.0
2020-11-30 00:00:00-05:00,362.8,362.965,359.2,362.32,1019085.0
2020-12-01 00:00:00-05:00,365.56,367.645,364.98,365.96,846449.0
2020-12-02 00:00:00-05:00,364.82,366.92,364.23,366.7,435413.0
2020-12-03 00:00:00-05:00,366.69,368.165,365.51,366.7,588550.0
2020-12-04 00:00:00-05:00,367.31,369.82,367.22,369.82,535394.0
2020-12-07 00:00:00-05:00,369.035,369.61,367.73,369.04,713275.0
2020-12-08 00:00:00-05:00,367.69,370.76,367.68,370.12,701698.0
2020-12-09 00:00:00-05:00,370.89,371.02,365.96,367.0,1124314.0
2020-12-10 00:00:00-05:00,365.375,367.8,364.45,366.67,943872.0
2020-12-11 00:00:00-05:00,364.96,366.58,363.29,366.23,633441.0
2020-12-14 00:00:00-05:00,368.61,369.76,364.52,364.68,840050.0
2020-12-15 00:00:00-05:00,367.44,369.57,365.92,369.57,853271.0
2020-12-16 00:00:00-05:00,369.84,371.14,368.92,370.1,586993.0
2020-12-17 00:00:00-05:00,371.95,372.43,371.055,372.18,812657.0
2020-12-18 00:00:00-05:00,370.99,371.145,367.055,369.11,1382373.0
2020-12-21 00:00:00-05:00,364.97,368.73,362.1,367.86,779901.0
2020-12-22 00:00:00-05:00,368.2,368.325,366.115,367.1,969603.0
2020-12-23 00:00:00-05:00,368.27,369.6,367.41,367.58,500024.0
2020-12-24 00:00:00-05:00,368.09,368.99,367.47,368.98,170257.0
2020-12-28 00:00:00-05:00,371.77,372.575,371.11,372.13,298759.0
2020-12-29 00:00:00-05:00,373.77,373.99,370.87,371.46,720211.0
2020-12-30 00:00:00-05:00,372.34,373.08,371.6,371.99,410703.0
2020-12-31 00:00:00-05:00,371.8,374.64,371.25,373.85,1056576.0
2021-01-04 00:00:00-05:00,375.3,375.43,364.87,368.86,1303127.0
2021-01-05 00:00:00-05:00,368.27,372.435,368.25,371.36,662135.0
2021-01-06 00:00:00-05:00,369.52,376.96,369.19,373.64,1592371.0
2021-01-07 00:00:00-05:00,376.13,379.87,375.92,378.96,911285.0
2021-01-08 00:00:00-05:00,380.58,381.45,377.11,381.24,591705.0
2021-01-11 00:00:00-05:00,377.87,380.54,377.73,378.83,577420.0
2021-01-12 00:00:00-05:00,378.9,379.84,376.4,378.74,577676.0
2021-01-13 00:00:00-05:00,378.7,380.855,377.87,379.79,526284.0
2021-01-14 00:00:00-05:00,380.68,381.12,378.105,378.52,483295.0
2021-01-15 00:00:00-05:00,376.72,377.57,373.785,375.66,872509.0
2021-01-19 00:00:00-05:00,378.35,379.225,376.845,378.6,569045.0
2021-01-20 00:00:00-05:00,381.105,384.79,380.74,383.84,609604.0
2021-01-21 00:00:00-05:00,384.48,384.94,383.25,384.17,411993.0
2021-01-22 00:00:00-05:00,382.25,384.06,381.89,382.81,642368.0
2021-01-25 00:00:00-05:00,383.67,384.76,378.46,384.41,744617.0
2021-01-26 00:00:00-05:00,385.405,385.81,383.56,383.73,602355.0
2021-01-27 00:00:00-05:00,380.23,380.25,372.04,374.4,2605623.0
2021-01-28 00:00:00-05:00,376.35,381.91,376.12,377.49,1816987.0
2021-01-29 00:00:00-05:00,375.6,376.59,368.38,370.01,2590391.0
2021-02-01 00:00:00-05:00,373.81,377.34,371.48,376.19,988296.0
2021-02-02 00:00:00-05:00,379.64,383.165,379.625,381.39,1071995.0
2021-02-03 00:00:00-05:00,382.49,383.68,380.5,381.86,848653.0
2021-02-04 00:00:00-05:00,383.02,386.21,382.785,386.16,820106.0
2021-02-05 00:00:00-05:00,388.2,388.46,386.485,387.65,728912.0
2021-02-08 00:00:00-05:00,389.37,390.54,388.36,390.49,696140.0
2021-02-09 00:00:00-05:00,389.63,390.89,389.22,390.26,734096.0
2021-02-10 00:00:00-05:00,392.11,392.24,387.51,390.09,889354.0
2021-02-11 00:00:00-05:00,391.32,391.69,388.12,390.7,639771.0
2021-02-12 00:00:00-05:00,389.845,392.885,389.8,392.6,704724.0
2021-02-16 00:00:00-05:00,393.95,394.15,391.58,392.29,724095.0
2021-02-17 00:00:00-05:00,390.41,392.63,389.38,392.4,586564.0
2021-02-18 00:00:00-05:00,389.56,391.49,387.75,390.75,811480.0
2021-02-19 00:00:00-05:00,392.15,392.36,389.57,390.05,1035965.0
2021-02-22 00:00:00-05:00,387.07,389.6,386.795,387.14,979219.0
2021-02-23 00:00:00-05:00,384.66,388.92,380.24,387.36,1834098.0
2021-02-24 00:00:00-05:00,386.3,392.21,385.285,391.76,1338847.0
2021-02-25 00:00:00-05:00,390.46,391.84,380.79,382.32,2548620.0
2021-02-26 00:00:00-05:00,384.36,385.54,378.26,380.31,1722012.0
2021-03-01 00:00:00-05:00,385.66,390.9,385.63,389.5,1443159.0
2021-03-02 00:00:00-05:00,389.815,390.01,386.0,386.5,954034.0
2021-03-03 00:00:00-05:00,385.77,386.83,381.315,381.43,1492972.0
2021-03-04 00:00:00-05:00,381.21,383.97,371.9,376.74,2838147.0
2021-03-05 00:00:00-05:00,380.46,384.745,372.65,383.61,1970423.0
2021-03-08 00:00:00-05:00,384.71,387.68,381.44,381.59,954155.0
2021-03-09 00:00:00-05:00,385.84,389.895,385.36,386.97,1247029.0
2021-03-10 00:00:00-05:00,389.72,391.33,388.2,389.51,967881.0
2021-03-11 00:00:00-05:00,392.31,395.62,391.75,393.55,911711.0
2021-03-12 00:00:00-05:00,392.07,394.2,391.21,394.0,864792.0
2021-03-15 00:00:00-04:00,394.34,396.68,392.045,396.485,825333.0
2021-03-16 00:00:00-04:00,397.15,397.83,395.085,395.98,876269.0
2021-03-17 00:00:00-04:00,394.53,398.11,393.38,397.28,919078.0
2021-03-18 00:00:00-04:00,394.47,396.69,390.92,391.49,1025836.0
2021-03-19 00:00:00-04:00,389.89,391.55,387.155,389.48,1015729.0
2021-03-22 00:00:00-04:00,390.13,394.06,390.075,392.58,596841.0
2021-03-23 00:00:00-04:00,391.905,393.415,388.675,389.6,929124.0
2021-03-24 00:00:00-04:00,391.0,392.74,387.5,387.5,941797.0
2021-03-25 00:00:00-04:00,385.91,390.525,383.94,389.62,1147872.0
2021-03-26 00:00:00-04:00,390.94,396.36,390.31,395.88,994962.0
2021-03-29 00:00:00-04:00,394.44,396.74,392.83,395.75,947371.0
2021-03-30 00:00:00-04:00,394.42,395.44,393.07,394.87,865981.0
2021-03-31 00:00:00-04:00,395.35,397.995,395.33,396.11,1290126.0
2021-04-01 00:00:00-04:00,398.37,400.665,398.23,400.54,1012758.0
2021-04-05 00:00:00-04:00,403.55,406.935,403.42,406.31,859965.0
2021-04-06 00:00:00-04:00,405.76,407.215,405.41,406.08,679087.0
2021-04-07 00:00:00-04:00,405.94,406.95,405.51,406.6,603106.0
2021-04-08 00:00:00-04:00,407.92,408.57,406.94,408.54,802416.0
2021-04-09 00:00:00-04:00,408.39,411.66,408.29,411.44,980710.0
2021-04-12 00:00:00-04:00,410.88,411.92,410.24,411.57,811368.0
2021-04-13 00:00:00-04:00,411.52,413.525,411.145,412.73,511643.0
2021-04-14 00:00:00-04:00,412.83,413.94,410.875,411.24,749857.0
2021-04-15 00:00:00-04:00,413.73,416.16,413.7,415.7,813779.0
2021-04-16 00:00:00-04:00,417.23,417.905,415.74,417.3,810912.0
2021-04-19 00:00:00-04:00,416.24,416.725,413.84,415.32,709059.0
2021-04-20 00:00:00-04:00,413.91,414.665,410.62,412.19,908224.0
2021-04-21 00:00:00-04:00,411.5,416.25,411.37,416.07,734383.0
2021-04-22 00:00:00-04:00,415.88,416.76,411.15,412.34,1072524.0
2021-04-23 00:00:00-04:00,412.85,418.23,412.805,416.73,1237723.0
2021-04-26 00:00:00-04:00,417.42,418.22,416.99,417.5,814495.0
2021-04-27 00:00:00-04:00,417.91,418.135,416.41,417.36,580474.0
2021-04-28 00:00:00-04:00,417.81,419.0,416.94,417.36,657403.0
2021-04-29 00:00:00-04:00,420.39,420.71,416.54,420.04,775821.0
2021-04-30 00:00:00-04:00,417.62,418.53,416.38,417.33,848706.0
2021-05-03 00:00:00-04:00,419.44,419.825,417.665,418.16,569791.0
2021-05-04 00:00:00-04:00,416.06,416.595,411.69,415.57,1053011.0
2021-05-05 00:00:00-04:00,417.32,417.62,415.0,415.72,588115.0
2021-05-06 00:00:00-04:00,415.8,419.21,413.68,418.99,875105.0
2021-05-07 00:00:00-04:00,419.92,422.81,419.2,422.06,807382.0
2021-05-10 00:00:00-04:00,422.63,422.63,417.82,417.96,771752.0
2021-05-11 00:00:00-04:00,413.1,415.25,410.1,414.22,1328251.0
2021-05-12 00:00:00-04:00,410.99,412.57,404.815,405.48,1339452.0
2021-05-13 00:00:00-04:00,407.22,412.34,407.12,410.28,1297974.0
2021-05-14 00:00:00-04:00,413.22,417.49,413.2,416.39,1183764.0
2021-05-17 00:00:00-04:00,415.37,416.38,413.41,415.46,736029.0
2021-05-18 00:00:00-04:00,415.8,415.99,411.81,412.04,790041.0
2021-05-19 00:00:00-04:00,406.9,411.02,405.34,410.99,1161669.0
2021-05-20 00:00:00-04:00,411.79,416.61,411.7,415.12,915218.0
2021-05-21 00:00:00-04:00,416.93,418.18,414.45,414.99,873628.0
2021-05-24 00:00:00-04:00,417.4,420.32,417.08,419.12,1109738.0
2021-05-25 00:00:00-04:00,420.34,420.7,417.63,418.29,624553.0
2021-05-26 00:00:00-04:00,418.94,419.61,417.785,419.04,649183.0
2021-05-27 00:00:00-04:00,420.17,420.7,419.13,419.33,959890.0
2021-05-28 00:00:00-04:00,421.02,421.245,419.8,420.08,635828.0
2021-06-01 00:00:00-04:00,422.58,422.69,419.22,419.63,680862.0
2021-06-02 00:00:00-04:00,420.27,421.185,419.3,420.32,628822.0
2021-06-03 00:00:00-04:00,418.05,419.99,416.33,418.77,771761.0
2021-06-04 00:00:00-04:00,420.77,422.915,420.72,422.59,910318.0
2021-06-07 00:00:00-04:00,422.63,422.765,421.2,422.22,991984.0
2021-06-08 00:00:00-04:00,423.18,423.19,420.425,422.26,625795.0
2021-06-09 00:00:00-04:00,423.18,423.24,421.45,421.58,472970.0
2021-06-10 00:00:00-04:00,422.98,424.62,421.64,423.54,588662.0
2021-06-11 00:00:00-04:00,424.2,424.4,422.845,424.38,527131.0
2021-06-14 00:00:00-04:00,424.43,425.29,423.1,425.29,646111.0
2021-06-15 00:00:00-04:00,425.45,425.45,423.56,424.51,570633.0
2021-06-16 00:00:00-04:00,424.7,424.83,419.97,422.04,855307.0
2021-06-17 00:00:00-04:00,421.64,423.0,419.35,422.02,1092378.0
2021-06-18 00:00:00-04:00,417.07,417.82,414.73,414.96,1353018.0
2021-06-21 00:00:00-04:00,416.83,421.05,415.965,420.76,1152420.0
2021-06-22 00:00:00-04:00,420.86,423.97,420.17,423.02,897093.0
2021-06-23 00:00:00-04:00,423.19,424.03,422.55,422.64,771762.0
2021-06-24 00:00:00-04:00,424.87,425.55,424.63,425.05,843012.0
2021-06-25 00:00:00-04:00,425.9,427.08,425.59,426.61,1160440.0
2021-06-28 00:00:00-04:00,427.17,427.64,425.89,427.47,781623.0
2021-06-29 00:00:00-04:00,427.94,428.56,427.16,427.69,727546.0
2021-06-30 00:00:00-04:00,427.21,428.69,427.21,428.06,848270.0
2021-07-01 00:00:00-04:00,428.88,430.6,428.82,430.47,1015595.0
2021-07-02 00:00:00-04:00,431.66,434.095,431.33,433.82,860976.0
2021-07-06 00:00:00-04:00,433.86,434.01,430.01,432.855,820834.0
2021-07-07 00:00:00-04:00,433.67,434.76,431.52,434.48,881413.0
2021-07-08 00:00:00-04:00,428.73,431.72,427.57,430.9,1354797.0
2021-07-09 00:00:00-04:00,432.53,435.79,432.35,435.59,1256371.0
2021-07-12 00:00:00-04:00,435.42,437.26,435.0,437.12,1109626.0
2021-07-13 00:00:00-04:00,436.22,437.83,435.32,435.68,1100699.0
2021-07-14 00:00:00-04:00,437.405,437.91,434.94,436.34,958448.0
2021-07-15 00:00:00-04:00,434.87,435.52,432.77,434.745,1329473.0
2021-07-16 00:00:00-04:00,435.99,436.06,430.92,431.37,1661664.0
2021-07-19 00:00:00-04:00,426.19,426.67,422.0,424.6,2652205.0
2021-07-20 00:00:00-04:00,425.77,432.41,424.84,431.05,2078731.0
2021-07-21 00:00:00-04:00,432.34,434.7,432.17,434.49,1226597.0
2021-07-22 00:00:00-04:00,434.75,435.7,433.695,435.51,973538.0
2021-07-23 00:00:00-04:00,437.58,440.3,436.84,439.74,1153521.0
2021-07-26 00:00:00-04:00,439.3,441.03,439.26,440.98,773627.0
2021-07-27 00:00:00-04:00,439.8,439.82,436.01,438.97,1040709.0
2021-07-28 00:00:00-04:00,439.67,440.29,437.71,438.82,875428.0
2021-07-29 00:00:00-04:00,439.82,441.785,439.82,440.66,796963.0
2021-07-30 00:00:00-04:00,437.91,440.02,437.775,438.48,1095883.0
2021-08-02 00:00:00-04:00,440.34,440.88,437.305,437.6,1003205.0
2021-08-03 00:00:00-04:00,438.44,441.24,436.115,441.24,1031118.0
2021-08-04 00:00:00-04:00,439.76,440.37,438.77,439.01,891423.0
2021-08-05 00:00:00-04:00,440.27,441.83,439.9,441.72,726445.0
2021-08-06 00:00:00-04:00,442.11,442.89,441.85,442.52,711250.0
2021-08-09 00:00:00-04:00,442.46,442.77,441.31,442.19,595961.0
2021-08-10 00:00:00-04:00,442.63,443.43,441.92,442.67,674913.0
2021-08-11 00:00:00-04:00,443.75,443.87,442.62,443.76,749406.0
2021-08-12 00:00:00-04:00,443.61,445.24,442.66,445.08,768709.0
2021-08-13 00:00:00-04:00,445.61,445.91,445.14,445.91,576662.0
2021-08-16 00:00:00-04:00,444.54,447.09,442.88,446.99,1014355.0
2021-08-17 00:00:00-04:00,444.29,444.96,440.94,444.0,1293505.0
2021-08-18 00:00:00-04:00,442.94,444.6,438.92,439.295,1232736.0
2021-08-19 00:00:00-04:00,436.27,441.115,436.12,439.96,1395553.0
2021-08-20 00:00:00-04:00,440.24,443.7,439.745,443.37,900346.0
2021-08-23 00:00:00-04:00,445.17,448.22,445.17,447.29,960719.0
2021-08-24 00:00:00-04:00,448.0,448.54,447.44,447.94,774430.0
2021-08-25 00:00:00-04:00,448.17,449.43,447.79,448.925,666120.0
2021-08-26 00:00:00-04:00,448.63,448.82,446.16,446.32,1064115.0
2021-08-27 00:00:00-04:00,447.09,450.64,447.07,450.16,1141610.0
2021-08-30 00:00:00-04:00,450.99,453.04,450.77,452.22,757959.0
2021-08-31 00:00:00-04:00,452.13,452.48,450.95,451.61,916029.0
2021-09-01 00:00:00-04:00,452.61,453.11,451.55,451.715,926673.0
2021-09-02 00:00:00-04:00,453.33,454.03,451.915,453.22,761510.0
2021-09-03 00:00:00-04:00,452.01,453.63,451.55,453.05,794266.0
2021-09-07 00:00:00-04:00,452.685,452.685,450.755,451.5,832398.0
2021-09-08 00:00:00-04:00,450.88,451.63,448.87,450.93,694091.0
2021-09-09 00:00:00-04:00,450.78,452.52,448.73,448.95,996739.0
2021-09-10 00:00:00-04:00,451.12,451.475,445.315,445.53,1381172.0
2021-09-13 00:00:00-04:00,448.67,448.86,444.11,446.58,1608821.0
2021-09-14 00:00:00-04:00,448.18,448.29,443.25,444.2,1146914.0
2021-09-15 00:00:00-04:00,444.61,448.4,443.48,447.885,1510563.0
2021-09-16 00:00:00-04:00,447.31,448.305,444.02,447.17,1779594.0
2021-09-17 00:00:00-04:00,444.665,445.355,441.025,441.39,2162504.0
2021-09-20 00:00:00-04:00,434.88,436.55,428.86,434.01,2984272.0
2021-09-21 00:00:00-04:00,436.62,437.89,433.09,433.63,1247521.0
2021-09-22 00:00:00-04:00,436.1,440.02,435.075,437.85,1362000.0
2021-09-23 00:00:00-04:00,439.81,444.875,439.66,443.1,1392247.0
2021-09-24 00:00:00-04:00,441.35,444.665,441.25,443.89,868002.0
2021-09-27 00:00:00-04:00,442.63,444.035,441.94,442.66,1002093.0
2021-09-28 00:00:00-04:00,439.5,439.94,433.0,433.63,2517009.0
2021-09-29 00:00:00-04:00,435.16,437.03,433.87,434.35,1259918.0
2021-09-30 00:00:00-04:00,435.93,436.755,428.95,429.06,2595030.0
2021-10-01 00:00:00-04:00,431.02,436.01,427.255,434.24,2310457.0
2021-10-04 00:00:00-04:00,433.0,433.895,426.37,428.51,2759787.0
2021-10-05 00:00:00-04:00,430.21,435.485,429.41,432.99,1563300.0
2021-10-06 00:00:00-04:00,429.25,435.105,427.545,434.9,2736516.0
2021-10-07 00:00:00-04:00,438.36,441.66,438.205,438.53,1369868.0
2021-10-08 00:00:00-04:00,439.49,439.89,437.21,437.77,1316623.0
2021-10-11 00:00:00-04:00,437.15,440.23,434.66,434.66,1381463.0
2021-10-12 00:00:00-04:00,435.65,436.08,432.8,433.65,1831193.0
2021-10-13 00:00:00-04:00,434.74,435.96,431.69,435.17,1570296.0
2021-10-14 00:00:00-04:00,439.13,442.65,438.63,442.5,1702171.0
2021-10-15 00:00:00-04:00,444.925,446.26,444.09,445.84,1688757.0
2021-10-18 00:00:00-04:00,443.98,447.54,443.27,447.21,1250461.0
2021-10-19 00:00:00-04:00,448.91,450.7,448.295,450.7,1253397.0
2021-10-20 00:00:00-04:00,451.09,452.72,451.01,452.39,1065761.0
2021-10-21 00:00:00-04:00,451.72,453.815,451.31,453.55,961412.0
2021-10-22 00:00:00-04:00,453.11,454.62,451.08,453.09,1125046.0
2021-10-25 00:00:00-04:00,454.25,455.89,452.4,455.49,970934.0
2021-10-26 00:00:00-04:00,457.2,458.49,455.59,455.95,1401235.0
2021-10-27 00:00:00-04:00,456.44,457.15,453.87,453.89,1423600.0
2021-10-28 00:00:00-04:00,455.5,458.39,455.49,458.17,1078798.0
2021-10-29 00:00:00-04:00,455.85,459.55,455.56,459.14,1738283.0
2021-11-01 00:00:00-04:00,460.34,460.69,458.22,460.07,1133593.0
2021-11-02 00:00:00-04:00,460.27,462.2,460.1,461.87,1064404.0
2021-11-03 00:00:00-04:00,461.32,465.14,460.88,464.735,1133985.0
2021-11-04 00:00:00-04:00,465.38,466.99,465.03,466.87,1035074.0
2021-11-05 00:00:00-04:00,469.29,470.63,466.93,468.56,1053869.0
2021-11-08 00:00:00-05:00,469.75,470.21,468.245,468.95,572075.0
2021-11-09 00:00:00-05:00,469.54,469.565,465.885,467.37,980433.0
2021-11-10 00:00:00-05:00,465.56,467.36,462.07,463.69,1562659.0
2021-11-11 00:00:00-05:00,465.23,465.28,463.75,463.85,739921.0
2021-11-12 00:00:00-05:00,465.18,467.86,464.11,467.31,883752.0
2021-11-15 00:00:00-05:00,468.69,468.71,466.245,467.42,948862.0
2021-11-16 00:00:00-05:00,467.3,470.47,467.11,469.23,1161115.0
2021-11-17 00:00:00-05:00,469.02,469.18,467.51,468.15,875040.0
2021-11-18 00:00:00-05:00,469.29,469.995,466.38,469.68,1208367.0
2021-11-19 00:00:00-05:00,469.59,470.9,468.51,469.0,1182262.0
2021-11-22 00:00:00-05:00,470.88,473.53,467.38,467.45,1514257.0
2021-11-23 00:00:00-05:00,467.2,469.045,464.46,468.27,1724927.0
2021-11-24 00:00:00-05:00,466.15,469.54,465.22,469.39,1387007.0
2021-11-26 00:00:00-05:00,462.4,463.885,457.82,458.91,2310218.0
2021-11-29 00:00:00-05:00,464.07,466.55,461.73,464.64,2005303.0
2021-11-30 00:00:00-05:00,462.01,463.89,455.315,456.17,2483997.0
2021-12-01 00:00:00-05:00,461.64,464.66,450.33,450.44,3281099.0
2021-12-02 00:00:00-05:00,450.58,459.06,450.36,457.32,2440468.0
2021-12-03 00:00:00-05:00,459.18,460.27,448.94,453.43,2544503.0
2021-12-06 00:00:00-05:00,456.13,460.79,453.61,458.84,2296935.0
2021-12-07 00:00:00-05:00,464.41,468.87,464.36,468.29,2214138.0
2021-12-08 00:00:00-05:00,468.67,469.995,466.86,469.53,1358914.0
2021-12-09 00:00:00-05:00,468.13,469.1,466.15,466.37,1240904.0
2021-12-10 00:00:00-05:00,469.22,470.88,466.52,470.69,1279582.0
2021-12-13 00:00:00-05:00,470.33,470.56,466.35,466.69,1443330.0
2021-12-14 00:00:00-05:00,463.03,465.74,460.26,463.38,1666304.0
2021-12-15 00:00:00-05:00,463.48,470.855,460.81,470.58,2453008.0
2021-12-16 00:00:00-05:00,472.57,472.86,464.8,466.51,2398682.0
2021-12-17 00:00:00-05:00,461.63,464.705,458.07,459.85,1788722.0
2021-12-20 00:00:00-05:00,454.41,455.4,451.15,455.09,1951976.0
2021-12-21 00:00:00-05:00,458.73,463.205,456.33,463.06,1438023.0
2021-12-22 00:00:00-05:00,462.65,467.81,462.58,467.7,1186516.0
2021-12-23 00:00:00-05:00,468.75,472.18,468.65,470.59,1327872.0
2021-12-27 00:00:00-05:00,472.08,477.31,472.02,477.31,1048955.0
2021-12-28 00:00:00-05:00,477.72,478.8,476.07,476.885,981087.0
2021-12-29 00:00:00-05:00,476.97,478.51,475.94,477.48,798714.0
2021-12-30 00:00:00-05:00,478.05,479.0,475.69,476.18,1079839.0
2021-12-31 00:00:00-05:00,475.65,476.85,474.68,474.9,978337.0
2022-01-03 00:00:00-05:00,476.32,477.79,473.855,477.75,1096935.0
2022-01-04 00:00:00-05:00,479.21,479.98,475.62,477.47,1592794.0
2022-01-05 00:00:00-05:00,477.25,477.96,468.3,468.5,2124466.0
2022-01-06 00:00:00-05:00,467.83,470.795,465.43,467.95,1982217.0
2022-01-07 00:00:00-05:00,467.94,469.19,464.7,465.99,1237553.0
2022-01-10 00:00:00-05:00,462.72,465.71,456.61,465.57,2037795.0
2022-01-11 00:00:00-05:00,465.19,469.85,462.07,469.75,1182243.0
2022-01-12 00:00:00-05:00,471.625,473.18,468.99,471.1,823670.0
2022-01-13 00:00:00-05:00,472.33,472.83,463.45,464.79,1480043.0
2022-01-14 00:00:00-05:00,461.13,465.05,459.92,464.58,1526542.0
2022-01-18 00:00:00-05:00,459.7,459.91,455.34,456.5,1616692.0
2022-01-19 00:00:00-05:00,458.12,459.59,451.465,451.83,1615078.0
2022-01-20 00:00:00-05:00,453.67,458.73,446.275,446.58,1946911.0
2022-01-21 00:00:00-05:00,445.65,448.03,437.97,438.01,3155532.0
2022-01-24 00:00:00-05:00,432.07,440.36,420.83,440.09,3508516.0
2022-01-25 00:00:00-05:00,433.085,439.71,427.21,434.49,2831413.0
2022-01-26 00:00:00-05:00,440.945,444.01,428.88,433.11,2683341.0
2022-01-27 00:00:00-05:00,438.24,441.55,429.47,431.315,2283525.0
2022-01-28 00:00:00-05:00,432.71,441.99,427.83,441.95,2725224.0
2022-01-31 00:00:00-05:00,441.22,450.28,439.86,449.815,2210038.0
2022-02-01 00:00:00-05:00,450.7,453.6,446.95,452.87,1315722.0
2022-02-02 00:00:00-05:00,455.46,458.12,453.06,457.19,1506614.0
2022-02-03 00:00:00-05:00,450.98,452.92,445.76,446.45,1709160.0
2022-02-04 00:00:00-05:00,446.37,452.77,443.87,448.75,1571603.0
2022-02-07 00:00:00-05:00,449.51,450.96,445.88,447.24,915456.0
2022-02-08 00:00:00-05:00,446.76,451.86,445.26,450.79,1066565.0
2022-02-09 00:00:00-05:00,455.22,457.79,455.04,457.41,1363613.0
2022-02-10 00:00:00-05:00,451.36,457.68,447.21,449.38,2187584.0
2022-02-11 00:00:00-05:00,449.37,451.54,438.97,440.42,2442797.0
2022-02-14 00:00:00-05:00,439.96,441.585,435.375,438.89,1353964.0
2022-02-15 00:00:00-05:00,443.82,446.27,443.25,445.99,971379.0
2022-02-16 00:00:00-05:00,443.96,447.93,441.96,446.68,1044875.0
2022-02-17 00:00:00-05:00,443.38,443.73,436.425,436.98,1471785.0
2022-02-18 00:00:00-05:00,437.37,438.64,431.87,434.27,1718599.0
2022-02-22 00:00:00-05:00,432.05,435.5,425.9,429.58,2494412.0
2022-02-23 00:00:00-05:00,432.59,433.22,421.37,422.05,2181670.0
2022-02-24 00:00:00-05:00,411.05,428.71,410.65,428.31,2457055.0
2022-02-25 00:00:00-05:00,429.58,437.815,427.935,437.65,1794538.0
2022-02-28 00:00:00-05:00,431.99,438.17,430.7,436.49,2056557.0
2022-03-01 00:00:00-05:00,435.09,437.15,427.27,429.93,2051122.0
2022-03-02 00:00:00-05:00,432.39,439.62,431.68,437.79,1551924.0
2022-03-03 00:00:00-05:00,440.4,441.085,433.86,435.75,1501648.0
2022-03-04 00:00:00-05:00,431.75,433.36,427.95,432.15,1529061.0
2022-03-07 00:00:00-05:00,431.51,431.81,419.39,419.47,2501177.0
2022-03-08 00:00:00-05:00,419.66,427.2,415.17,416.31,3256913.0
2022-03-09 00:00:00-05:00,425.15,429.5,422.86,427.45,2191544.0
2022-03-10 00:00:00-05:00,422.55,426.415,420.44,425.48,2202301.0
2022-03-11 00:00:00-05:00,428.15,428.71,419.55,420.07,2088256.0
2022-03-14 00:00:00-04:00,420.95,424.51,415.79,416.94,2561937.0
2022-03-15 00:00:00-04:00,419.74,426.835,418.44,426.17,2612143.0
2022-03-16 00:00:00-04:00,429.89,435.67,424.85,435.67,2848672.0
2022-03-17 00:00:00-04:00,433.71,441.05,433.21,441.05,2107649.0
2022-03-18 00:00:00-04:00,438.04,444.845,437.23,444.35,1853532.0
2022-03-21 00:00:00-04:00,444.67,446.46,440.69,444.39,1923850.0
2022-03-22 00:00:00-04:00,446.0,450.58,445.94,449.61,1367707.0
2022-03-23 00:00:00-04:00,446.88,448.46,443.79,443.8,1533798.0
2022-03-24 00:00:00-04:00,445.9,450.44,444.79,450.42,1175556.0
2022-03-25 00:00:00-04:00,451.125,452.96,448.45,452.65,1147220.0
2022-03-28 00:00:00-04:00,452.09,455.87,450.11,455.85,972411.0
2022-03-29 00:00:00-04:00,460.04,462.055,457.2,461.59,1995564.0
2022-03-30 00:00:00-04:00,460.37,461.185,456.47,458.63,1142267.0
2022-03-31 00:00:00-04:00,458.0,458.73,451.59,451.8,1732118.0
2022-04-01 00:00:00-04:00,453.28,453.43,449.19,452.93,1247893.0
2022-04-04 00:00:00-04:00,453.07,456.83,452.29,456.71,1164303.0
2022-04-05 00:00:00-04:00,455.23,457.81,449.9,451.23,1793188.0
2022-04-06 00:00:00-04:00,446.86,448.93,443.47,446.64,2303884.0
2022-04-07 00:00:00-04:00,445.71,450.66,443.57,448.71,1971889.0
2022-04-08 00:00:00-04:00,448.1,450.57,445.98,447.63,1579934.0
2022-04-11 00:00:00-04:00,444.16,445.0,439.41,440.01,1942981.0
2022-04-12 00:00:00-04:00,443.15,445.67,436.655,438.28,2364634.0
2022-04-13 00:00:00-04:00,437.99,444.06,437.91,443.33,1137623.0
2022-04-14 00:00:00-04:00,443.58,444.695,437.685,437.95,1480474.0
2022-04-18 00:00:00-04:00,436.89,439.72,435.62,438.01,1239780.0
2022-04-19 00:00:00-04:00,437.97,445.79,437.72,444.91,1593310.0
2022-04-20 00:00:00-04:00,446.94,447.56,443.505,444.71,1267461.0
2022-04-21 00:00:00-04:00,448.65,449.99,437.13,437.92,1677539.0
2022-04-22 00:00:00-04:00,436.85,437.17,425.46,426.05,2520022.0
2022-04-25 00:00:00-04:00,423.66,428.68,418.84,428.56,2446712.0
2022-04-26 00:00:00-04:00,425.76,425.99,416.07,416.09,3107121.0
2022-04-27 00:00:00-04:00,417.23,422.92,415.02,417.19,1884990.0
2022-04-28 00:00:00-04:00,422.24,429.6,417.6,427.75,2901392.0
2022-04-29 00:00:00-04:00,423.61,425.84,411.22,411.91,3563548.0
2022-05-02 00:00:00-04:00,412.03,415.87,405.07,414.6,3327180.0
2022-05-03 00:00:00-04:00,414.99,418.92,413.39,416.33,1816807.0
2022-05-04 00:00:00-04:00,417.07,429.62,413.72,429.08,2997683.0
2022-05-05 00:00:00-04:00,424.54,424.61,409.49,414.2,4327815.0
2022-05-06 00:00:00-04:00,411.12,414.755,405.73,411.55,2839887.0
2022-05-09 00:00:00-04:00,405.1,406.35,396.52,398.26,3073074.0
2022-05-10 00:00:00-04:00,404.7,406.075,394.82,399.08,3043393.0
2022-05-11 00:00:00-04:00,398.05,403.97,391.99,392.72,2891288.0
2022-05-12 00:00:00-04:00,389.52,395.73,385.16,392.39,3669221.0
2022-05-13 00:00:00-04:00,396.8,403.17,395.625,401.61,2496868.0
2022-05-16 00:00:00-04:00,400.02,403.94,397.62,400.26,2126515.0
2022-05-17 00:00:00-04:00,406.5,408.45,402.62,408.32,2344311.0
2022-05-18 00:00:00-04:00,403.535,403.78,390.55,391.94,2791976.0
2022-05-19 00:00:00-04:00,388.61,394.1,387.205,389.41,2361296.0
2022-05-20 00:00:00-04:00,393.28,393.76,380.56,389.59,3193677.0
2022-05-23 00:00:00-04:00,392.94,397.7,390.4,396.96,1917353.0
2022-05-24 00:00:00-04:00,392.565,395.15,387.06,394.04,2426004.0
2022-05-25 00:00:00-04:00,392.31,399.43,391.97,397.4,1743436.0
2022-05-26 00:00:00-04:00,398.53,407.03,398.53,405.31,2200921.0
2022-05-27 00:00:00-04:00,407.95,415.35,407.77,415.35,2162002.0
2022-05-31 00:00:00-04:00,413.595,416.45,410.03,412.96,2083148.0
2022-06-01 00:00:00-04:00,415.14,416.24,406.97,409.61,1869336.0
2022-06-02 00:00:00-04:00,409.38,417.43,407.07,417.37,2054041.0
2022-06-03 00:00:00-04:00,412.45,414.02,409.53,410.51,1882423.0
2022-06-06 00:00:00-04:00,414.8,416.58,410.57,411.69,1558059.0
2022-06-07 00:00:00-04:00,408.06,416.22,407.64,415.75,1484530.0
2022-06-08 00:00:00-04:00,413.87,415.8,410.39,411.3,1624210.0
2022-06-09 00:00:00-04:00,409.32,411.71,401.45,401.45,1956316.0
2022-06-10 00:00:00-04:00,394.875,395.75,389.76,389.76,2613512.0
2022-06-13 00:00:00-04:00,379.89,381.77,373.33,375.08,3778833.0
2022-06-14 00:00:00-04:00,376.89,377.91,370.59,373.83,1984160.0
2022-06-15 00:00:00-04:00,377.335,383.84,372.14,379.2,3169544.0
2022-06-16 00:00:00-04:00,370.51,370.925,364.12,367.08,3220976.0
2022-06-17 00:00:00-04:00,365.47,369.38,362.18,365.81,2502209.0
2022-06-21 00:00:00-04:00,371.87,376.51,371.83,375.12,1585797.0
2022-06-22 00:00:00-04:00,370.57,378.71,370.18,374.33,1541028.0
2022-06-23 00:00:00-04:00,376.67,378.815,372.9,378.23,1358761.0
2022-06-24 00:00:00-04:00,381.44,390.07,381.37,390.07,2042323.0
2022-06-27 00:00:00-04:00,391.06,391.3,387.445,388.67,1379071.0
2022-06-28 00:00:00-04:00,390.16,392.995,380.545,380.83,1434998.0
2022-06-29 00:00:00-04:00,381.23,382.25,378.45,380.43,1347481.0
2022-06-30 00:00:00-04:00,376.29,380.61,372.6,377.285,2090833.0
2022-07-01 00:00:00-04:00,376.59,381.67,373.87,381.11,1365163.0
2022-07-05 00:00:00-04:00,376.32,381.98,372.91,381.98,1250596.0
2022-07-06 00:00:00-04:00,382.105,385.84,379.61,383.31,1333191.0
2022-07-07 00:00:00-04:00,385.16,389.82,385.15,388.84,1200997.0
2022-07-08 00:00:00-04:00,387.27,390.635,385.72,388.55,1023870.0
2022-07-11 00:00:00-04:00,385.85,386.825,383.515,384.19,1055393.0
2022-07-12 00:00:00-04:00,383.63,386.11,378.995,380.9,1145027.0
2022-07-13 00:00:00-04:00,375.18,381.9,374.66,378.86,1560393.0
2022-07-14 00:00:00-04:00,373.61,378.54,371.07,377.955,1449695.0
2022-07-15 00:00:00-04:00,382.59,385.245,380.59,384.92,1426821.0
2022-07-18 00:00:00-04:00,388.39,389.08,380.68,382.02,1375367.0
2022-07-19 00:00:00-04:00,386.18,392.84,385.44,392.17,1603480.0
2022-07-20 00:00:00-04:00,392.42,396.25,391.05,394.86,1373750.0
2022-07-21 00:00:00-04:00,394.14,398.84,391.67,398.84,1140760.0
2022-07-22 00:00:00-04:00,398.79,400.17,392.76,395.13,1518449.0
2022-07-25 00:00:00-04:00,395.84,396.44,393.23,395.49,792134.0
2022-07-26 00:00:00-04:00,393.72,394.04,389.96,390.79,918302.0
2022-07-27 00:00:00-04:00,394.47,402.85,394.09,401.02,2266143.0
2022-07-28 00:00:00-04:00,401.88,406.79,398.19,405.92,1633561.0
2022-07-29 00:00:00-04:00,407.62,413.0,406.8,412.13,1387388.0
2022-08-01 00:00:00-04:00,409.18,413.39,408.4,410.77,1194335.0
2022-08-02 00:00:00-04:00,409.13,412.96,406.9,408.13,1041460.0
2022-08-03 00:00:00-04:00,410.3,415.65,410.03,414.39,945100.0
2022-08-04 00:00:00-04:00,414.39,415.04,412.505,414.17,754368.0
2022-08-05 00:00:00-04:00,409.7,414.13,409.6,413.43,1001026.0
2022-08-08 00:00:00-04:00,415.23,417.62,411.89,412.92,997879.0
2022-08-09 00:00:00-04:00,412.23,412.67,410.23,411.38,904719.0
2022-08-10 00:00:00-04:00,418.78,420.14,416.73,419.82,1238604.0
2022-08-11 00:00:00-04:00,423.01,424.94,419.24,420.02,1196335.0
2022-08-12 00:00:00-04:00,422.04,427.2,421.08,427.03,956808.0
2022-08-15 00:00:00-04:00,424.82,429.34,424.77,428.9,1071259.0
2022-08-16 00:00:00-04:00,427.73,431.71,426.895,429.72,889212.0
2022-08-17 00:00:00-04:00,425.96,429.48,424.565,426.67,955055.0
2022-08-18 00:00:00-04:00,426.86,428.6,425.525,427.82,843759.0
2022-08-19 00:00:00-04:00,424.85,425.24,421.245,422.19,1311955.0
2022-08-22 00:00:00-04:00,417.04,417.225,412.405,413.41,1506564.0
2022-08-23 00:00:00-04:00,412.84,415.405,411.78,412.3,1094373.0
2022-08-24 00:00:00-04:00,412.03,415.105,411.47,413.66,820436.0
2022-08-25 00:00:00-04:00,415.22,419.56,414.15,419.52,953924.0
2022-08-26 00:00:00-04:00,419.46,419.89,405.29,405.35,1616118.0
2022-08-29 00:00:00-04:00,402.22,405.82,401.2,402.63,1459284.0
2022-08-30 00:00:00-04:00,403.97,404.03,396.01,398.17,1586931.0
2022-08-31 00:00:00-04:00,399.92,401.21,395.05,395.11,1484931.0
2022-09-01 00:00:00-04:00,392.84,396.78,390.06,396.33,1672423.0
2022-09-02 00:00:00-04:00,400.27,401.55,390.335,392.19,2121598.0
2022-09-06 00:00:00-04:00,393.15,394.12,388.475,390.83,1205303.0
2022-09-07 00:00:00-04:00,390.41,398.55,390.3,397.82,1216815.0
2022-09-08 00:00:00-04:00,395.34,400.85,394.17,400.375,1898322.0
2022-09-09 00:00:00-04:00,402.74,407.51,402.5,406.51,1405507.0
2022-09-12 00:00:00-04:00,408.77,411.71,408.5,411.02,1053304.0
2022-09-13 00:00:00-04:00,401.8,403.1,391.93,393.03,2951925.0
2022-09-14 00:00:00-04:00,394.44,396.08,391.15,394.53,1111740.0
2022-09-15 00:00:00-04:00,392.97,395.92,388.81,390.19,1620604.0
2022-09-16 00:00:00-04:00,384.14,386.25,382.11,385.58,1669994.0
2022-09-19 00:00:00-04:00,382.27,388.52,382.18,388.515,897971.0
2022-09-20 00:00:00-04:00,385.065,386.01,381.21,384.22,1647627.0
2022-09-21 00:00:00-04:00,386.12,389.29,377.39,377.39,2085917.0
2022-09-22 00:00:00-04:00,376.58,377.66,373.495,374.29,1288498.0
2022-09-23 00:00:00-04:00,370.55,370.57,363.3,368.19,2136439.0
2022-09-26 00:00:00-04:00,366.42,370.19,363.05,364.33,1847635.0
2022-09-27 00:00:00-04:00,368.01,370.38,360.93,363.395,1506076.0
2022-09-28 00:00:00-04:00,364.36,372.3,362.63,370.52,2006135.0
2022-09-29 00:00:00-04:00,366.81,367.04,359.72,362.76,2229924.0
2022-09-30 00:00:00-04:00,361.91,365.82,357.11,357.21,2816620.0
2022-10-03 00:00:00-04:00,361.04,368.54,359.335,366.66,1618750.0
2022-10-04 00:00:00-04:00,372.42,377.99,372.35,377.99,1487082.0
2022-10-05 00:00:00-04:00,373.39,379.44,370.97,377.19,1490642.0
2022-10-06 00:00:00-04:00,375.61,378.68,372.68,373.19,1464188.0
2022-10-07 00:00:00-04:00,369.0,369.22,360.945,362.75,1786980.0
2022-10-10 00:00:00-04:00,363.97,364.17,357.74,360.08,1239893.0
2022-10-11 00:00:00-04:00,358.24,362.98,355.75,357.86,1607080.0
2022-10-12 00:00:00-04:00,358.32,359.8,356.33,356.52,1308393.0
2022-10-13 00:00:00-04:00,349.21,367.495,348.125,366.08,2869450.0
2022-10-14 00:00:00-04:00,368.56,370.23,356.96,357.68,1802519.0
2022-10-17 00:00:00-04:00,364.0,367.97,363.97,366.86,1484072.0
2022-10-18 00:00:00-04:00,375.13,375.41,367.56,371.19,1258448.0
2022-10-19 00:00:00-04:00,368.33,371.8,365.685,368.53,949998.0
2022-10-20 00:00:00-04:00,368.02,372.66,364.62,365.4,1564765.0
2022-10-21 00:00:00-04:00,365.12,374.785,363.71,374.3,1582516.0
2022-10-24 00:00:00-04:00,375.91,380.04,373.145,378.77,1388193.0
2022-10-25 00:00:00-04:00,378.87,385.235,378.78,384.83,1211118.0
2022-10-26 00:00:00-04:00,381.62,387.55,381.36,382.13,1585903.0
2022-10-27 00:00:00-04:00,383.28,384.93,379.33,380.07,1493070.0
2022-10-28 00:00:00-04:00,379.87,389.52,379.695,388.99,1568316.0
2022-10-31 00:00:00-04:00,386.4,388.38,385.34,386.22,1745821.0
2022-11-01 00:00:00-04:00,390.145,390.37,383.39,384.51,1294546.0
2022-11-02 00:00:00-04:00,383.97,388.61,374.96,375.02,2467552.0
2022-11-03 00:00:00-04:00,371.41,374.2,368.82,371.035,1643995.0
2022-11-04 00:00:00-04:00,377.0,378.75,370.06,376.14,1658118.0
2022-11-07 00:00:00-05:00,377.83,380.56,375.53,380.01,1250909.0
2022-11-08 00:00:00-05:00,381.11,385.12,377.73,381.93,1721182.0
2022-11-09 00:00:00-05:00,379.87,381.13,373.63,374.17,1329373.0
2022-11-10 00:00:00-05:00,388.01,395.035,385.67,394.485,2435337.0
2022-11-11 00:00:00-05:00,395.65,399.35,393.66,398.5,1448532.0
2022-11-14 00:00:00-05:00,396.67,400.17,394.855,394.92,1002684.0
2022-11-15 00:00:00-05:00,401.15,402.29,394.57,398.53,1826755.0
2022-11-16 00:00:00-05:00,396.75,397.68,394.88,395.51,1240798.0
2022-11-17 00:00:00-05:00,390.48,394.92,390.16,394.32,1403944.0
2022-11-18 00:00:00-05:00,397.7,397.7,393.07,396.23,1175909.0
2022-11-21 00:00:00-05:00,394.665,395.71,392.8,394.56,897412.0
2022-11-22 00:00:00-05:00,396.65,400.055,395.22,399.87,990774.0
2022-11-23 00:00:00-05:00,399.56,402.93,399.33,402.24,1040098.0
2022-11-25 00:00:00-05:00,401.85,402.89,401.575,402.26,354072.0
2022-11-28 00:00:00-05:00,399.095,400.78,395.125,395.9,987539.0
2022-11-29 00:00:00-05:00,396.05,397.26,393.35,395.325,905449.0
2022-11-30 00:00:00-05:00,395.495,407.53,393.575,407.45,2347320.0
2022-12-01 00:00:00-05:00,408.79,409.96,404.77,407.41,1340246.0
2022-12-02 00:00:00-05:00,402.295,407.83,402.295,406.855,1198086.0
2022-12-05 00:00:00-05:00,403.83,404.91,398.18,399.61,1595237.0
2022-12-06 00:00:00-05:00,399.41,399.99,391.665,393.93,1213050.0
2022-12-07 00:00:00-05:00,392.83,395.62,392.04,393.11,905487.0
2022-12-08 00:00:00-05:00,395.05,397.34,393.59,396.135,1050916.0
2022-12-09 00:00:00-05:00,394.94,397.6,393.165,393.295,1051349.0
2022-12-12 00:00:00-05:00,394.11,398.91,393.42,398.905,986494.0
2022-12-13 00:00:00-05:00,410.3,410.31,399.11,402.03,1730605.0
2022-12-14 00:00:00-05:00,401.63,405.36,396.33,399.39,1636933.0
2022-12-15 00:00:00-05:00,394.33,395.205,387.915,389.81,2089252.0
2022-12-16 00:00:00-05:00,385.16,386.49,381.08,383.35,1699530.0
2022-12-19 00:00:00-05:00,383.535,383.78,378.305,380.0,979700.0
2022-12-20 00:00:00-05:00,379.18,382.195,377.865,380.49,612906.0
2022-12-21 00:00:00-05:00,383.27,387.365,382.735,386.13,705913.0
2022-12-22 00:00:00-05:00,383.01,383.365,374.77,380.73,1432802.0
2022-12-23 00:00:00-05:00,379.66,383.04,378.06,382.75,666399.0
2022-12-27 00:00:00-05:00,382.88,383.075,379.67,381.335,609727.0
2022-12-28 00:00:00-05:00,381.33,383.33,376.51,376.69,918689.0
2022-12-29 00:00:00-05:00,379.69,384.34,379.12,383.37,1118483.0
2022-12-30 00:00:00-05:00,380.66,382.57,378.44,382.47,933670.0
2023-01-03 00:00:00-05:00,384.33,386.425,377.89,380.92,1210981.0
2023-01-04 00:00:00-05:00,383.2,385.82,380.05,383.75,1313126.0
2023-01-05 00:00:00-05:00,381.56,381.83,378.8,379.34,1041106.0
2023-01-06 00:00:00-05:00,382.71,389.24,379.56,388.01,1593344.0
2023-01-09 00:00:00-05:00,390.375,393.64,387.67,387.9,930814.0
2023-01-10 00:00:00-05:00,387.21,390.63,386.28,390.6,835820.0
2023-01-11 00:00:00-05:00,392.38,395.59,391.48,395.55,963241.0
2023-01-12 00:00:00-05:00,396.74,398.46,392.46,397.03,1081572.0
2023-01-13 00:00:00-05:00,393.65,399.08,393.38,398.49,833579.0
2023-01-17 00:00:00-05:00,398.52,400.19,397.1,397.75,861542.0
2023-01-18 00:00:00-05:00,399.14,400.1,391.3,391.59,1636291.0
2023-01-19 00:00:00-05:00,389.16,391.06,387.3,388.57,1224701.0
2023-01-20 00:00:00-05:00,389.95,396.03,388.42,395.89,1232221.0
2023-01-23 00:00:00-05:00,396.82,402.635,395.74,400.59,1240802.0
2023-01-24 00:00:00-05:00,398.88,401.145,397.72,400.21,804302.0
2023-01-25 00:00:00-05:00,395.83,400.68,393.59,400.245,1223209.0
2023-01-26 00:00:00-05:00,403.21,404.91,400.04,404.75,1024840.0
2023-01-27 00:00:00-05:00,403.73,408.145,403.485,405.68,1154808.0
2023-01-30 00:00:00-05:00,402.745,405.1,400.305,400.63,1351155.0
2023-01-31 00:00:00-05:00,401.12,406.51,400.86,406.5,1102712.0
2023-02-01 00:00:00-05:00,405.1,413.65,402.39,410.65,1473487.0
2023-02-02 00:00:00-05:00,414.85,418.27,412.89,416.73,1588666.0
2023-02-03 00:00:00-05:00,411.55,416.91,411.125,412.31,1127556.0
2023-02-06 00:00:00-05:00,409.82,411.23,408.11,409.95,759146.0
2023-02-07 00:00:00-05:00,408.89,416.49,407.74,415.25,1295710.0
2023-02-08 00:00:00-05:00,413.15,414.53,409.97,410.7,1526958.0
2023-02-09 00:00:00-05:00,414.5,414.55,405.89,407.15,1545776.0
2023-02-10 00:00:00-05:00,405.94,408.44,405.045,408.01,1082160.0
2023-02-13 00:00:00-05:00,408.76,412.96,408.24,412.74,888501.0
2023-02-14 00:00:00-05:00,411.24,415.02,408.52,412.72,1157809.0
2023-02-15 00:00:00-05:00,410.44,413.955,409.785,413.955,821878.0
2023-02-16 00:00:00-05:00,408.82,412.91,408.2,408.27,1163982.0
2023-02-17 00:00:00-05:00,405.97,407.49,404.075,407.255,1227607.0
2023-02-21 00:00:00-05:00,403.1,404.075,398.83,399.06,1516566.0
2023-02-22 00:00:00-05:00,399.51,401.13,397.03,398.53,1170602.0
2023-02-23 00:00:00-05:00,401.53,402.2,396.29,400.6,1399412.0
2023-02-24 00:00:00-05:00,395.4,397.235,393.69,396.44,1237939.0
2023-02-27 00:00:00-05:00,399.92,401.21,396.77,397.695,874279.0
2023-02-28 00:00:00-05:00,397.29,399.23,396.26,396.26,1008867.0
2023-03-01 00:00:00-05:00,395.38,396.675,393.4,394.715,1054008.0
2023-03-02 00:00:00-05:00,392.69,398.685,392.37,397.83,1345473.0
2023-03-03 00:00:00-05:00,399.71,404.415,399.035,404.175,1236338.0
2023-03-06 00:00:00-05:00,405.13,407.44,404.03,404.45,1000217.0
2023-03-07 00:00:00-05:00,404.415,404.65,397.625,398.29,1385511.0
2023-03-08 00:00:00-05:00,398.41,399.7,396.62,398.87,1166923.0
2023-03-09 00:00:00-05:00,399.74,401.46,390.535,391.65,1863803.0
2023-03-10 00:00:00-05:00,390.98,393.14,384.34,385.885,2663479.0
2023-03-13 00:00:00-04:00,381.78,390.32,380.69,385.33,2716899.0
2023-03-14 00:00:00-04:00,390.49,393.41,387.06,391.68,2748577.0
2023-03-15 00:00:00-04:00,385.72,389.41,383.74,389.29,2281311.0
2023-03-16 00:00:00-04:00,386.99,396.43,386.3,396.03,1918071.0
2023-03-17 00:00:00-04:00,393.2,394.29,388.555,390.12,1802218.0
2023-03-20 00:00:00-04:00,390.82,394.15,390.11,393.58,1518151.0
2023-03-21 00:00:00-04:00,397.26,399.4,395.59,398.88,1626744.0
2023-03-22 00:00:00-04:00,398.735,402.48,392.12,392.19,1863383.0
2023-03-23 00:00:00-04:00,395.08,399.275,390.41,393.29,1692167.0
2023-03-24 00:00:00-04:00,391.81,395.83,389.4,395.7,1347657.0
2023-03-27 00:00:00-04:00,398.13,398.87,395.56,396.42,1319918.0
2023-03-28 00:00:00-04:00,395.74,396.44,393.7,395.695,984276.0
2023-03-29 00:00:00-04:00,399.93,401.595,398.73,401.33,1505353.0
2023-03-30 00:00:00-04:00,404.06,404.34,401.76,403.63,1340759.0
2023-03-31 00:00:00-04:00,404.68,409.67,404.6,409.37,1675630.0
2023-04-03 00:00:00-04:00,408.87,411.37,408.45,411.01,1488912.0
2023-04-04 00:00:00-04:00,411.61,411.92,407.26,408.7,1683185.0
2023-04-05 00:00:00-04:00,407.88,408.61,405.9,407.63,1219176.0
2023-04-06 00:00:00-04:00,406.77,409.47,405.69,409.22,1496736.0
2023-04-10 00:00:00-04:00,406.6,409.68,405.985,409.68,1217743.0
2023-04-11 00:00:00-04:00,410.12,411.16,408.95,409.695,1023249.0
2023-04-12 00:00:00-04:00,411.92,412.16,407.45,408.04,1275272.0
2023-04-13 00:00:00-04:00,409.21,413.835,408.72,413.4,1685404.0
2023-04-14 00:00:00-04:00,412.85,415.09,410.085,412.495,1199080.0
2023-04-17 00:00:00-04:00,412.38,413.94,411.095,413.94,1127392.0
2023-04-18 00:00:00-04:00,415.63,415.72,412.79,414.215,1267974.0
2023-04-19 00:00:00-04:00,412.21,415.06,412.21,414.26,1075031.0
2023-04-20 00:00:00-04:00,411.18,413.69,410.27,411.835,1364870.0
2023-04-21 00:00:00-04:00,412.11,412.66,410.24,412.16,937587.0
2023-04-24 00:00:00-04:00,411.98,413.05,410.62,412.63,1002044.0
2023-04-25 00:00:00-04:00,410.57,411.14,406.04,406.12,1599541.0
2023-04-26 00:00:00-04:00,406.75,407.83,403.785,404.37,1650310.0
2023-04-27 00:00:00-04:00,406.99,412.675,406.75,412.38,1994345.0
2023-04-28 00:00:00-04:00,411.48,415.925,411.47,415.9,1694498.0
2023-05-01 00:00:00-04:00,415.48,417.6,415.275,415.56,1060641.0
2023-05-02 00:00:00-04:00,414.79,414.8,407.82,410.825,1700866.0
2023-05-03 00:00:00-04:00,411.38,413.84,407.79,407.96,1080213.0
2023-05-04 00:00:00-04:00,406.92,407.165,403.75,404.965,1700198.0
2023-05-05 00:00:00-04:00,408.76,413.7,408.65,412.68,1547470.0
2023-05-08 00:00:00-04:00,412.96,413.22,411.285,412.8,926139.0
2023-05-09 00:00:00-04:00,411.15,412.07,410.72,410.94,842492.0
2023-05-10 00:00:00-04:00,413.88,414.51,408.88,412.68,1426892.0
2023-05-11 00:00:00-04:00,411.965,412.39,409.97,412.08,988495.0
2023-05-12 00:00:00-04:00,413.43,413.63,409.11,411.61,999381.0
2023-05-15 00:00:00-04:00,412.27,413.39,410.26,413.02,813583.0
2023-05-16 00:00:00-04:00,411.85,412.78,410.25,410.28,1008235.0
2023-05-17 00:00:00-04:00,412.34,415.84,410.65,415.14,1343616.0
2023-05-18 00:00:00-04:00,414.96,419.66,414.7,419.215,1147069.0
2023-05-19 00:00:00-04:00,420.2,420.71,417.355,418.58,1158018.0
2023-05-22 00:00:00-04:00,418.8,420.37,417.37,418.77,925017.0
2023-05-23 00:00:00-04:00,417.09,418.06,413.685,414.135,1111986.0
2023-05-24 00:00:00-04:00,412.41,412.78,409.895,410.985,1204304.0
2023-05-25 00:00:00-04:00,414.74,416.07,412.43,414.62,1534315.0
2023-05-26 00:00:00-04:00,415.33,420.76,415.28,419.96,1594225.0
2023-05-30 00:00:00-04:00,422.03,422.575,418.76,420.135,1165756.0
2023-05-31 00:00:00-04:00,418.26,419.19,416.23,417.86,1585308.0
2023-06-01 00:00:00-04:00,418.205,422.92,416.855,421.79,1280781.0
2023-06-02 00:00:00-04:00,424.58,428.73,423.98,427.735,1485046.0
2023-06-05 00:00:00-04:00,428.22,429.67,426.38,427.1,1042292.0
2023-06-06 00:00:00-04:00,426.67,428.56,426.035,428.03,1132909.0
2023-06-07 00:00:00-04:00,428.46,429.6,426.13,426.57,1513065.0
2023-06-08 00:00:00-04:00,426.565,429.57,425.855,429.17,959745.0
2023-06-09 00:00:00-04:00,430.08,431.99,428.885,429.99,980638.0
2023-06-12 00:00:00-04:00,430.925,433.855,430.17,433.82,872286.0
2023-06-13 00:00:00-04:00,435.41,437.32,434.68,436.67,1434752.0
2023-06-14 00:00:00-04:00,437.1,439.03,433.655,437.14,1154840.0
2023-06-15 00:00:00-04:00,436.38,443.88,436.28,442.59,1762275.0
2023-06-16 00:00:00-04:00,443.11,443.11,438.98,439.28,1108906.0
2023-06-20 00:00:00-04:00,437.43,438.36,435.03,437.24,1191787.0
2023-06-21 00:00:00-04:00,436.2,436.97,434.37,434.85,1178565.0
2023-06-22 00:00:00-04:00,433.99,436.62,433.64,436.57,870482.0
2023-06-23 00:00:00-04:00,432.96,435.05,432.5,433.16,1161180.0
2023-06-26 00:00:00-04:00,432.64,434.55,431.205,431.4,1025359.0
2023-06-27 00:00:00-04:00,432.39,436.8,431.915,436.14,1114166.0
2023-06-28 00:00:00-04:00,435.09,437.42,434.41,436.34,934658.0
2023-06-29 00:00:00-04:00,435.94,438.265,435.62,438.14,762559.0
2023-06-30 00:00:00-04:00,441.44,444.22,441.18,443.22,1112022.0
2023-07-03 00:00:00-04:00,442.94,444.07,442.65,443.89,370605.0
2023-07-05 00:00:00-04:00,441.93,443.87,441.91,443.14,673063.0
2023-07-06 00:00:00-04:00,439.39,440.07,437.07,439.69,1061407.0
2023-07-07 00:00:00-04:00,438.63,442.64,438.305,438.52,1211901.0
2023-07-10 00:00:00-04:00,438.19,439.825,437.59,439.65,906011.0
2023-07-11 00:00:00-04:00,440.455,442.94,439.45,442.5,759246.0
2023-07-12 00:00:00-04:00,446.42,447.465,444.91,446.0,1025074.0
2023-07-13 00:00:00-04:00,447.895,450.375,447.485,449.61,1121925.0
2023-07-14 00:00:00-04:00,450.6,451.35,448.58,449.33,827887.0
2023-07-17 00:00:00-04:00,449.13,451.92,449.13,450.86,757125.0
2023-07-18 00:00:00-04:00,450.53,454.845,450.1,454.22,1195584.0
2023-07-19 00:00:00-04:00,455.22,456.425,454.4,455.05,911992.0
2023-07-20 00:00:00-04:00,454.16,455.08,451.46,452.26,1078576.0
2023-07-21 00:00:00-04:00,453.93,454.14,452.18,452.2,912338.0
2023-07-24 00:00:00-04:00,453.38,455.01,452.75,454.19,745375.0
2023-07-25 00:00:00-04:00,453.95,456.71,453.915,455.36,790450.0
2023-07-26 00:00:00-04:00,454.5,456.9,453.41,455.505,916421.0
2023-07-27 00:00:00-04:00,459.08,459.44,451.58,452.5,1436841.0
2023-07-28 00:00:00-04:00,455.775,457.78,455.12,456.91,1279542.0
2023-07-31 00:00:00-04:00,457.41,458.11,456.07,457.81,818144.0
2023-08-01 00:00:00-04:00,456.32,457.19,455.505,456.44,1033910.0
2023-08-02 00:00:00-04:00,453.25,453.495,449.36,450.16,1435967.0
2023-08-03 00:00:00-04:00,448.115,450.79,447.395,448.88,982821.0
2023-08-04 00:00:00-04:00,450.705,452.885,446.285,446.79,1653131.0
2023-08-07 00:00:00-04:00,448.69,450.86,448.01,450.68,931786.0
2023-08-08 00:00:00-04:00,448.03,449.225,445.3,448.86,977244.0
2023-08-09 00:00:00-04:00,449.03,449.16,444.96,445.74,1094151.0
2023-08-10 00:00:00-04:00,448.195,451.67,444.73,445.88,1315971.0
2023-08-11 00:00:00-04:00,443.96,446.67,443.455,445.36,936311.0
2023-08-14 00:00:00-04:00,444.8,448.1,444.385,448.1,790707.0
2023-08-15 00:00:00-04:00,446.29,446.605,442.32,442.93,1083858.0
2023-08-16 00:00:00-04:00,442.47,444.17,439.54,439.62,1044477.0
2023-08-17 00:00:00-04:00,441.1,441.375,435.75,436.26,1138844.0
2023-08-18 00:00:00-04:00,433.27,437.55,433.07,436.39,1189686.0
2023-08-21 00:00:00-04:00,437.51,440.105,435.33,439.32,1178587.0
2023-08-22 00:00:00-04:00,441.115,441.12,437.6,438.11,700106.0
2023-08-23 00:00:00-04:00,439.25,443.63,439.11,442.98,931675.0
2023-08-24 00:00:00-04:00,444.85,445.2,436.855,436.92,1448843.0
2023-08-25 00:00:00-04:00,438.6,441.26,435.01,439.98,1182497.0
2023-08-28 00:00:00-04:00,442.32,443.375,440.875,442.78,849212.0
2023-08-29 00:00:00-04:00,442.705,449.43,442.485,449.19,1488379.0
2023-08-30 00:00:00-04:00,449.51,451.66,448.81,450.96,1136740.0
2023-08-31 00:00:00-04:00,451.65,452.82,450.18,450.2,1232403.0
2023-09-01 00:00:00-04:00,453.17,453.66,449.69,451.18,802509.0
2023-09-05 00:00:00-04:00,450.68,451.045,449.185,449.26,1242430.0
2023-09-06 00:00:00-04:00,448.43,448.49,443.825,446.24,1609327.0
2023-09-07 00:00:00-04:00,443.06,445.52,442.76,444.88,1269234.0
2023-09-08 00:00:00-04:00,444.89,447.1,444.53,445.58,1079293.0
2023-09-11 00:00:00-04:00,448.29,448.77,446.5,448.54,1062788.0
2023-09-12 00:00:00-04:00,446.91,448.46,445.39,446.01,1282523.0
2023-09-13 00:00:00-04:00,446.1,447.68,445.08,446.46,1021666.0
2023-09-14 00:00:00-04:00,449.08,451.06,447.72,450.4,1294030.0
2023-09-15 00:00:00-04:00,447.245,447.42,443.02,443.305,2127873.0
2023-09-18 00:00:00-04:00,443.04,444.965,442.57,443.63,934550.0
2023-09-19 00:00:00-04:00,442.78,443.22,439.97,442.62,1070394.0
2023-09-20 00:00:00-04:00,443.98,444.435,438.43,438.52,1090190.0
2023-09-21 00:00:00-04:00,435.71,435.94,431.25,431.3,1755895.0
2023-09-22 00:00:00-04:00,432.48,434.06,430.01,430.28,1192890.0
2023-09-25 00:00:00-04:00,429.13,432.25,428.745,432.23,838426.0
2023-09-26 00:00:00-04:00,429.1,429.81,425.035,425.84,1533865.0
2023-09-27 00:00:00-04:00,427.08,427.615,422.31,425.925,1627458.0
2023-09-28 00:00:00-04:00,425.56,430.24,424.87,428.51,1218814.0
2023-09-29 00:00:00-04:00,431.69,431.82,425.94,427.3,1853531.0
2023-10-02 00:00:00-04:00,426.6,428.58,424.49,427.36,1136854.0
2023-10-03 00:00:00-04:00,425.2,426.635,420.2,421.68,1419038.0
2023-10-04 00:00:00-04:00,422.07,425.405,420.57,424.705,1386577.0
2023-10-05 00:00:00-04:00,424.42,425.37,421.21,424.31,1030251.0
2023-10-06 00:00:00-04:00,422.165,431.11,420.6,429.44,1659220.0
2023-10-09 00:00:00-04:00,427.49,432.86,427.04,432.24,899989.0
2023-10-10 00:00:00-04:00,433.02,437.205,432.53,434.47,1484259.0
2023-10-11 00:00:00-04:00,435.68,436.57,433.18,436.33,871580.0
2023-10-12 00:00:00-04:00,436.86,437.32,431.24,433.68,1368679.0
2023-10-13 00:00:00-04:00,435.26,436.39,429.9,431.625,1607990.0
2023-10-16 00:00:00-04:00,433.81,437.115,433.57,436.04,1328669.0
2023-10-17 00:00:00-04:00,432.77,438.13,432.48,436.11,1203633.0
2023-10-18 00:00:00-04:00,434.05,435.115,429.09,430.24,1357315.0
2023-10-19 00:00:00-04:00,430.89,432.82,425.74,426.43,1559608.0
2023-10-20 00:00:00-04:00,425.89,426.48,421.08,421.25,1939948.0
2023-10-23 00:00:00-04:00,419.54,424.45,417.82,420.52,1325831.0
2023-10-24 00:00:00-04:00,422.69,424.81,420.74,423.56,1114518.0
2023-10-25 00:00:00-04:00,421.91,421.91,417.03,417.62,1306827.0
2023-10-26 00:00:00-04:00,416.46,417.29,411.71,412.6,2260803.0
2023-10-27 00:00:00-04:00,414.385,414.57,409.24,410.76,1810349.0
2023-10-30 00:00:00-04:00,413.56,416.67,412.27,415.64,1450213.0
2023-10-31 00:00:00-04:00,416.17,418.5,414.21,418.18,1403280.0
2023-11-01 00:00:00-04:00,419.285,423.485,418.68,422.66,1521992.0
2023-11-02 00:00:00-04:00,426.6,430.91,426.6,430.69,1370443.0
2023-11-03 00:00:00-04:00,433.135,436.29,433.11,434.72,1452655.0
2023-11-06 00:00:00-05:00,435.48,436.14,433.71,435.69,1260585.0
2023-11-07 00:00:00-05:00,435.66,437.58,434.51,436.89,1139427.0
2023-11-08 00:00:00-05:00,437.5,438.09,434.895,437.43,938576.0
2023-11-09 00:00:00-05:00,438.38,438.47,433.41,433.88,1103998.0
2023-11-10 00:00:00-05:00,435.99,440.92,434.45,440.72,1796559.0
2023-11-13 00:00:00-05:00,439.21,441.325,438.445,440.17,1119503.0
2023-11-14 00:00:00-05:00,446.35,450.05,446.13,448.66,2091007.0
2023-11-15 00:00:00-05:00,450.28,451.38,448.82,449.69,1593220.0
2023-11-16 00:00:00-05:00,449.225,450.51,448.18,450.25,1360772.0
2023-11-17 00:00:00-05:00,450.23,451.395,449.31,450.74,1080958.0
2023-11-20 00:00:00-05:00,450.63,455.1,450.57,454.26,1608190.0
2023-11-21 00:00:00-05:00,453.235,453.62,451.97,453.28,1105748.0
2023-11-22 00:00:00-05:00,454.995,456.33,453.93,455.0,1146131.0
2023-11-24 00:00:00-05:00,455.08,455.42,454.75,455.26,425092.0
2023-11-27 00:00:00-05:00,454.69,455.49,454.09,454.515,1009412.0
2023-11-28 00:00:00-05:00,454.02,456.26,453.51,454.87,1065276.0
2023-11-29 00:00:00-05:00,457.13,458.31,454.21,454.66,1583960.0
2023-11-30 00:00:00-05:00,455.45,456.75,453.385,456.28,1601972.0
2023-12-01 00:00:00-05:00,455.68,459.63,455.16,458.99,1728551.0
2023-12-04 00:00:00-05:00,455.54,456.93,454.395,456.59,1613164.0
2023-12-05 00:00:00-05:00,455.22,457.57,454.88,456.58,1533281.0
2023-12-06 00:00:00-05:00,458.76,458.82,454.365,454.74,1492618.0
2023-12-07 00:00:00-05:00,456.91,458.88,456.315,458.21,1573965.0
2023-12-08 00:00:00-05:00,457.47,460.72,457.23,460.15,1645376.0
2023-12-11 00:00:00-05:00,459.69,462.16,459.47,461.96,1726740.0
2023-12-12 00:00:00-05:00,461.57,464.2,460.61,464.2,1549133.0
2023-12-13 00:00:00-05:00,464.45,470.72,464.12,470.54,2119988.0
2023-12-14 00:00:00-05:00,472.555,473.72,469.28,472.03,2630046.0
2023-12-15 00:00:00-05:00,469.41,470.66,468.44,469.35,2678285.0
2023-12-18 00:00:00-05:00,470.95,472.94,470.8,472.01,1626415.0
2023-12-19 00:00:00-05:00,472.5,474.91,472.475,474.78,1262970.0
2023-12-20 00:00:00-05:00,473.89,475.89,467.84,468.06,2056789.0
2023-12-21 00:00:00-05:00,471.32,472.97,468.86,472.68,1759812.0
2023-12-22 00:00:00-05:00,473.9,475.37,471.73,473.67,1441165.0
2023-12-26 00:00:00-05:00,474.08,476.52,474.0,475.63,1050923.0
2023-12-27 00:00:00-05:00,475.49,476.65,474.95,476.56,1045120.0
2023-12-28 00:00:00-05:00,476.885,477.515,476.26,476.71,1105732.0
2023-12-29 00:00:00-05:00,476.43,477.01,473.35,475.36,4791892.0
2024-01-02 00:00:00-05:00,472.15,473.64,470.49,472.66,1982936.0
2024-01-03 00:00:00-05:00,470.46,471.175,468.17,468.76,1590343.0
2024-01-04 00:00:00-05:00,468.21,470.95,467.05,467.34,1800797.0
2024-01-05 00:00:00-05:00,467.345,470.41,466.46,467.86,1412989.0
2024-01-08 00:00:00-05:00,468.49,474.74,468.38,474.53,1804664.0
2024-01-09 00:00:00-05:00,471.94,474.895,471.38,473.85,1027653.0
2024-01-10 00:00:00-05:00,474.17,477.44,473.87,476.52,1072022.0
2024-01-11 00:00:00-05:00,477.55,478.08,472.27,476.37,1203593.0
2024-01-12 00:00:00-05:00,477.8,478.58,475.24,476.65,1035875.0
2024-01-16 00:00:00-05:00,475.28,476.6,473.075,474.85,1880438.0
2024-01-17 00:00:00-05:00,471.81,472.78,469.875,472.28,1228548.0
2024-01-18 00:00:00-05:00,474.11,477.02,472.43,476.5,1253996.0
2024-01-19 00:00:00-05:00,477.63,482.69,476.96,482.48,1259826.0
2024-01-22 00:00:00-05:00,484.005,485.22,482.825,483.45,1009769.0
2024-01-23 00:00:00-05:00,484.02,485.1,482.905,484.82,912754.0
2024-01-24 00:00:00-05:00,487.81,488.77,485.02,485.42,1099865.0
2024-01-25 00:00:00-05:00,487.48,488.295,485.39,488.02,1336392.0
2024-01-26 00:00:00-05:00,487.535,489.11,486.61,487.47,966297.0
2024-01-29 00:00:00-05:00,487.7,491.41,487.17,491.25,933376.0
2024-01-30 00:00:00-05:00,490.67,491.59,490.14,490.9,856429.0
2024-01-31 00:00:00-05:00,488.44,489.08,482.955,482.955,1912371.0
2024-02-01 00:00:00-05:00,484.73,489.22,483.8,489.22,1648140.0
2024-02-02 00:00:00-05:00,489.66,496.04,489.34,494.29,1267077.0
2024-02-05 00:00:00-05:00,493.69,494.12,490.32,492.555,1002851.0
2024-02-06 00:00:00-05:00,493.52,494.315,492.08,493.99,779463.0
2024-02-07 00:00:00-05:00,496.275,498.53,495.38,498.03,1233471.0
2024-02-08 00:00:00-05:00,498.16,498.69,497.31,498.47,860289.0
2024-02-09 00:00:00-05:00,498.85,501.65,498.53,501.09,1113952.0
2024-02-12 00:00:00-05:00,501.23,503.49,500.24,500.99,965643.0
2024-02-13 00:00:00-05:00,494.335,495.85,490.715,494.16,2319364.0
2024-02-14 00:00:00-05:00,496.78,499.065,494.425,498.62,1543742.0
2024-02-15 00:00:00-05:00,499.3,502.19,498.8,501.97,1003136.0
2024-02-16 00:00:00-05:00,501.715,502.85,498.98,499.57,1077734.0
2024-02-20 00:00:00-05:00,497.735,498.36,494.5,496.745,1354728.0
2024-02-21 00:00:00-05:00,495.355,497.37,493.57,497.24,879558.0
2024-02-22 00:00:00-05:00,504.02,508.485,503.02,507.48,1707191.0
2024-02-23 00:00:00-05:00,509.26,510.1,507.1,507.82,1162330.0
2024-02-26 00:00:00-05:00,508.29,508.73,505.86,505.86,871019.0
2024-02-27 00:00:00-05:00,506.7,507.15,504.86,506.95,661238.0
2024-02-28 00:00:00-05:00,505.355,506.855,504.98,506.13,1070216.0
2024-02-29 00:00:00-05:00,508.065,509.74,505.405,508.15,1115835.0
2024-03-01 00:00:00-05:00,508.975,513.27,508.6,512.93,1239371.0
2024-03-04 00:00:00-05:00,512.19,514.17,512.0,512.34,1196469.0
2024-03-05 00:00:00-05:00,510.225,510.7,504.92,507.12,1569486.0
2024-03-06 00:00:00-05:00,510.64,512.05,508.47,509.73,815242.0
2024-03-07 00:00:00-05:00,513.14,515.86,512.27,515.12,757973.0
2024-03-08 00:00:00-05:00,515.51,518.18,511.135,511.72,1006823.0
2024-03-11 00:00:00-04:00,510.395,511.83,508.53,511.26,700316.0
2024-03-12 00:00:00-04:00,513.43,517.37,510.865,516.77,1093781.0
2024-03-13 00:00:00-04:00,517.04,517.26,514.52,515.97,703671.0
2024-03-14 00:00:00-04:00,516.96,517.12,511.82,514.86,1294366.0
2024-03-15 00:00:00-04:00,510.07,511.665,508.37,509.83,943977.0
2024-03-18 00:00:00-04:00,513.26,515.43,512.45,512.9,933941.0
2024-03-19 00:00:00-04:00,512.155,515.98,511.16,515.79,698881.0
2024-03-20 00:00:00-04:00,515.765,520.565,515.13,520.52,986352.0
2024-03-21 00:00:00-04:00,523.49,524.1,521.94,522.08,817329.0
2024-03-22 00:00:00-04:00,522.14,522.59,520.98,521.4,736691.0
2024-03-25 00:00:00-04:00,519.785,520.93,519.63,519.88,719998.0
2024-03-26 00:00:00-04:00,521.14,521.56,518.45,518.72,856545.0
2024-03-27 00:00:00-04:00,521.72,523.11,519.485,523.08,872582.0
2024-03-28 00:00:00-04:00,523.25,524.6,522.78,523.135,1017125.0
2024-04-01 00:00:00-04:00,523.71,524.37,521.005,522.21,714088.0
2024-04-02 00:00:00-04:00,518.13,518.965,516.51,518.9,815648.0
2024-04-03 00:00:00-04:00,517.705,520.935,517.67,519.54,634103.0
2024-04-04 00:00:00-04:00,523.63,523.85,512.76,513.12,1038338.0
2024-04-05 00:00:00-04:00,514.07,520.41,514.05,518.54,854635.0
2024-04-08 00:00:00-04:00,519.24,520.14,517.95,518.65,475966.0
2024-04-09 00:00:00-04:00,520.555,520.675,514.355,519.34,689958.0
2024-04-10 00:00:00-04:00,513.43,516.135,512.09,514.195,900552.0
2024-04-11 00:00:00-04:00,515.68,519.48,512.13,518.05,769777.0
2024-04-12 00:00:00-04:00,514.38,515.75,509.16,510.88,1054092.0
2024-04-15 00:00:00-04:00,515.21,515.3,503.595,504.52,1127351.0
2024-04-16 00:00:00-04:00,504.81,506.49,502.26,503.41,880401.0
2024-04-17 00:00:00-04:00,506.08,506.2,499.12,500.52,833510.0
2024-04-18 00:00:00-04:00,501.85,504.1,498.57,499.42,745224.0
2024-04-19 00:00:00-04:00,499.44,500.45,493.87,495.185,1039006.0
2024-04-22 00:00:00-04:00,497.85,502.36,495.45,499.54,809102.0
2024-04-23 00:00:00-04:00,501.86,506.05,501.255,505.5,725640.0
2024-04-24 00:00:00-04:00,506.54,507.34,503.135,505.66,547706.0
2024-04-25 00:00:00-04:00,499.1,504.25,497.54,503.53,904077.0
2024-04-26 00:00:00-04:00,506.42,509.88,505.75,508.195,585586.0
2024-04-29 00:00:00-04:00,510.26,510.735,507.34,510.07,452174.0
2024-04-30 00:00:00-04:00,508.33,509.52,502.07,502.26,745133.0
2024-05-01 00:00:00-04:00,501.38,508.17,499.89,500.11,955301.0
2024-05-02 00:00:00-04:00,504.155,505.86,499.6,505.03,523585.0
2024-05-03 00:00:00-04:00,511.16,512.54,508.595,511.25,753740.0
2024-05-06 00:00:00-04:00,513.775,516.59,513.3,516.54,821251.0
2024-05-07 00:00:00-04:00,517.55,518.56,516.47,517.255,860251.0
2024-05-08 00:00:00-04:00,515.625,517.69,515.33,517.2,446623.0
2024-05-09 00:00:00-04:00,517.435,520.195,516.715,520.16,795874.0
2024-05-10 00:00:00-04:00,521.8,522.62,519.67,520.81,696594.0
2024-05-13 00:00:00-04:00,522.615,522.615,519.77,520.925,565826.0
2024-05-14 00:00:00-04:00,521.185,523.83,520.615,523.275,714836.0
2024-05-15 00:00:00-04:00,525.77,530.07,525.22,529.8,869966.0
2024-05-16 00:00:00-04:00,529.88,531.445,528.55,528.83,672098.0
2024-05-17 00:00:00-04:00,528.93,529.51,527.395,529.51,668182.0
2024-05-20 00:00:00-04:00,529.56,531.56,529.17,530.05,722515.0
2024-05-21 00:00:00-04:00,529.31,531.5,529.15,531.34,634889.0
2024-05-22 00:00:00-04:00,530.71,531.34,527.6,529.8,540069.0
2024-05-23 00:00:00-04:00,532.96,533.04,524.78,525.96,837318.0
2024-05-24 00:00:00-04:00,527.87,530.24,526.89,529.46,652720.0
2024-05-28 00:00:00-04:00,530.32,530.51,527.11,529.88,743236.0
2024-05-29 00:00:00-04:00,525.63,527.3,525.435,526.12,746282.0
2024-05-30 00:00:00-04:00,524.31,525.2,521.345,522.65,825534.0
2024-05-31 00:00:00-04:00,523.63,527.45,518.44,527.335,1409524.0
2024-06-03 00:00:00-04:00,529.05,529.15,522.695,527.77,591461.0
2024-06-04 00:00:00-04:00,526.545,529.125,524.97,528.35,566637.0
2024-06-05 00:00:00-04:00,530.79,534.665,528.84,534.65,842379.0
2024-06-06 00:00:00-04:00,534.9,535.405,532.7,534.63,658256.0
2024-06-07 00:00:00-04:00,533.3,536.86,532.56,534.01,625522.0
2024-06-10 00:00:00-04:00,533.25,535.94,532.615,535.705,837823.0
2024-06-11 00:00:00-04:00,534.08,537.01,532.125,537.01,492135.0
2024-06-12 00:00:00-04:00,541.625,544.03,540.36,541.28,866073.0
2024-06-13 00:00:00-04:00,543.12,543.3,539.71,542.35,632544.0
2024-06-14 00:00:00-04:00,540.89,542.79,539.87,542.79,609688.0
2024-06-17 00:00:00-04:00,542.075,548.41,541.61,547.05,712017.0
2024-06-18 00:00:00-04:00,547.14,548.54,546.755,548.48,566922.0
2024-06-20 00:00:00-04:00,549.425,550.11,545.23,547.03,918152.0
2024-06-21 00:00:00-04:00,544.36,545.63,543.05,544.09,1055859.0
2024-06-24 00:00:00-04:00,544.37,546.94,542.65,542.71,792068.0
2024-06-25 00:00:00-04:00,543.77,545.2,542.505,544.775,414830.0
2024-06-26 00:00:00-04:00,543.635,546.22,543.21,545.585,341132.0
2024-06-27 00:00:00-04:00,545.55,546.805,544.635,546.37,375022.0
2024-06-28 00:00:00-04:00,547.105,550.26,543.015,544.11,1011331.0
2024-07-01 00:00:00-04:00,545.54,545.87,542.53,545.2,704770.0
2024-07-02 00:00:00-04:00,543.74,548.97,543.685,548.97,365169.0
2024-07-03 00:00:00-04:00,548.84,551.825,548.83,551.24,557810.0
2024-07-05 00:00:00-04:00,551.77,555.045,551.28,554.725,438956.0
2024-07-08 00:00:00-04:00,555.35,556.23,554.25,555.245,516316.0
2024-07-09 00:00:00-04:00,556.355,557.125,555.54,555.87,403756.0
2024-07-10 00:00:00-04:00,557.13,561.665,556.795,561.24,566521.0
2024-07-11 00:00:00-04:00,561.43,562.3,555.85,556.42,902603.0
2024-07-12 00:00:00-04:00,557.61,563.64,557.17,559.91,672739.0
2024-07-15 00:00:00-04:00,562.18,564.755,559.64,561.52,583915.0
2024-07-16 00:00:00-04:00,562.96,565.145,562.12,564.83,506481.0
2024-07-17 00:00:00-04:00,559.01,560.48,556.62,557.065,982486.0
2024-07-18 00:00:00-04:00,558.61,559.5,550.555,552.8,912544.0
2024-07-19 00:00:00-04:00,552.375,553.99,547.955,548.94,1017532.0
2024-07-22 00:00:00-04:00,552.97,555.26,551.17,554.65,573487.0
2024-07-23 00:00:00-04:00,554.685,556.605,553.295,553.69,372009.0
2024-07-24 00:00:00-04:00,548.8,549.17,540.445,541.21,1116332.0
2024-07-25 00:00:00-04:00,541.32,547.445,537.455,538.39,1014214.0
2024-07-26 00:00:00-04:00,542.37,547.18,541.49,544.345,678034.0
2024-07-29 00:00:00-04:00,546.17,547.05,542.96,544.91,551816.0
2024-07-30 00:00:00-04:00,546.25,547.33,538.54,541.97,744722.0
2024-07-31 00:00:00-04:00,549.16,553.43,547.635,550.37,993224.0
2024-08-01 00:00:00-04:00,552.59,554.8,539.46,543.18,1145235.0
2024-08-02 00:00:00-04:00,535.75,536.92,528.6,532.92,1236956.0
2024-08-05 00:00:00-04:00,511.49,523.47,510.305,517.4,1484386.0
2024-08-06 00:00:00-04:00,519.56,529.665,517.99,522.07,774935.0
2024-08-07 00:00:00-04:00,528.54,531.565,518.06,518.635,769811.0
2024-08-08 00:00:00-04:00,523.98,531.29,521.895,530.61,869810.0
2024-08-09 00:00:00-04:00,529.815,534.45,528.565,532.92,463391.0
2024-08-12 00:00:00-04:00,534.32,535.68,531.04,533.29,512980.0
2024-08-13 00:00:00-04:00,536.585,542.28,536.28,541.99,859713.0
2024-08-14 00:00:00-04:00,542.95,544.94,540.19,543.78,627760.0
2024-08-15 00:00:00-04:00,549.76,553.34,548.915,552.97,1054828.0
2024-08-16 00:00:00-04:00,551.36,555.02,551.36,554.22,497168.0
2024-08-19 00:00:00-04:00,554.75,559.55,553.92,559.49,632519.0
2024-08-20 00:00:00-04:00,559.16,560.815,557.325,558.65,563025.0
2024-08-21 00:00:00-04:00,559.765,562.105,558.04,560.64,638108.0
2024-08-22 00:00:00-04:00,562.56,563.14,555.0,556.26,847928.0
2024-08-23 00:00:00-04:00,559.59,563.09,557.36,562.09,698159.0
2024-08-26 00:00:00-04:00,563.43,563.9,559.06,560.78,712177.0
2024-08-27 00:00:00-04:00,559.46,562.04,558.33,561.565,474357.0
2024-08-28 00:00:00-04:00,561.195,561.62,555.09,558.35,626457.0
2024-08-29 00:00:00-04:00,560.27,563.65,557.21,558.31,673660.0
2024-08-30 00:00:00-04:00,560.64,564.19,557.185,563.57,944527.0
2024-09-03 00:00:00-04:00,560.475,560.75,549.54,552.16,812721.0
2024-09-04 00:00:00-04:00,550.06,554.43,549.47,550.83,857093.0
2024-09-05 00:00:00-04:00,551.0,553.75,547.13,549.44,681939.0
2024-09-06 00:00:00-04:00,550.005,551.57,539.465,540.46,1096849.0
2024-09-09 00:00:00-04:00,544.68,547.71,542.71,546.44,664187.0
2024-09-10 00:00:00-04:00,548.365,549.15,543.47,548.76,819534.0
2024-09-11 00:00:00-04:00,548.69,555.36,539.99,554.23,1231712.0
2024-09-12 00:00:00-04:00,555.085,559.36,552.81,559.06,940507.0
2024-09-13 00:00:00-04:00,559.71,563.01,559.46,561.89,756298.0
2024-09-16 00:00:00-04:00,561.79,563.09,559.94,562.87,488997.0
2024-09-17 00:00:00-04:00,565.11,566.5,560.795,563.15,756844.0
2024-09-18 00:00:00-04:00,563.71,568.63,560.88,561.39,654172.0
2024-09-19 00:00:00-04:00,571.04,572.835,568.125,570.99,1040119.0
2024-09-20 00:00:00-04:00,567.86,569.29,565.23,568.03,1151421.0
2024-09-23 00:00:00-04:00,569.27,570.29,568.1,569.6,504547.0
2024-09-24 00:00:00-04:00,570.48,571.34,567.64,571.24,698992.0
2024-09-25 00:00:00-04:00,571.145,571.89,568.99,569.985,558329.0
2024-09-26 00:00:00-04:00,574.58,574.69,569.935,572.17,643492.0
2024-09-27 00:00:00-04:00,573.5,574.2,570.59,571.4,633680.0
2024-09-30 00:00:00-04:00,570.505,574.38,568.23,574.045,816468.0
2024-10-01 00:00:00-04:00,573.435,573.435,566.03,568.61,1049644.0
2024-10-02 00:00:00-04:00,567.71,569.88,565.27,568.83,397194.0
2024-10-03 00:00:00-04:00,567.38,569.78,565.49,567.76,751132.0
2024-10-04 00:00:00-04:00,572.35,573.36,568.2,572.935,677404.0
2024-10-07 00:00:00-04:00,571.26,571.91,566.69,567.8,622312.0
2024-10-08 00:00:00-04:00,570.41,573.78,569.55,573.19,654089.0
2024-10-09 00:00:00-04:00,573.16,577.69,572.6,577.07,564712.0
2024-10-10 00:00:00-04:00,575.72,577.54,574.51,576.2,623045.0
2024-10-11 00:00:00-04:00,575.955,580.3,575.955,579.6,521282.0
2024-10-14 00:00:00-04:00,581.215,585.27,580.73,584.31,592179.0
2024-10-15 00:00:00-04:00,584.64,584.83,578.55,579.92,820884.0
2024-10-16 00:00:00-04:00,579.785,582.79,579.01,582.27,439136.0
2024-10-17 00:00:00-04:00,585.93,586.09,582.16,582.32,565059.0
2024-10-18 00:00:00-04:00,584.09,585.36,582.64,584.6,538888.0
2024-10-21 00:00:00-04:00,583.91,584.79,580.68,583.72,561603.0
2024-10-22 00:00:00-04:00,581.05,584.49,580.44,583.33,354662.0
2024-10-23 00:00:00-04:00,581.32,581.665,574.48,578.04,752782.0
2024-10-24 00:00:00-04:00,580.02,580.05,576.62,579.23,663254.0
2024-10-25 00:00:00-04:00,581.595,584.44,578.14,579.01,773465.0
2024-10-28 00:00:00-04:00,582.62,582.62,580.54,580.77,643201.0
2024-10-29 00:00:00-04:00,579.865,582.905,578.435,581.7,802413.0
2024-10-30 00:00:00-04:00,581.295,583.31,579.33,579.97,844091.0
2024-10-31 00:00:00-04:00,575.5,575.53,568.46,568.46,1253356.0
2024-11-01 00:00:00-04:00,571.26,575.5,570.635,571.03,825087.0
2024-11-04 00:00:00-05:00,571.17,572.49,567.91,569.78,701018.0
2024-11-05 00:00:00-05:00,570.68,576.7,570.53,576.69,766644.0
2024-11-06 00:00:00-05:00,589.22,591.93,585.46,591.01,1350029.0
2024-11-07 00:00:00-05:00,593.21,596.65,593.02,595.75,931015.0
2024-11-08 00:00:00-05:00,596.26,599.595,596.26,598.25,754842.0
2024-11-11 00:00:00-05:00,599.91,600.14,597.02,598.81,869569.0
2024-11-12 00:00:00-05:00,598.65,599.285,594.42,596.915,758918.0
2024-11-13 00:00:00-05:00,597.41,599.17,595.01,597.22,932260.0
2024-11-14 00:00:00-05:00,597.38,597.81,592.71,593.42,608776.0
2024-11-15 00:00:00-05:00,589.72,590.17,583.88,585.74,954365.0
2024-11-18 00:00:00-05:00,585.95,589.465,585.37,588.21,637963.0
2024-11-19 00:00:00-05:00,584.74,591.01,584.06,590.19,592020.0
2024-11-20 00:00:00-05:00,590.44,590.76,584.705,590.49,748523.0
2024-11-21 00:00:00-05:00,593.4,595.1,587.52,593.665,747147.0
2024-11-22 00:00:00-05:00,593.69,596.09,593.185,595.5,674357.0
2024-11-25 00:00:00-05:00,599.49,600.76,595.25,597.49,736572.0
2024-11-26 00:00:00-05:00,598.815,601.29,598.08,600.725,720718.0
2024-11-27 00:00:00-05:00,600.5,600.815,597.32,598.68,534416.0
2024-11-29 00:00:00-05:00,599.64,603.34,599.47,602.49,483126.0
2024-12-02 00:00:00-05:00,602.995,604.3,602.48,603.67,510225.0
2024-12-03 00:00:00-05:00,603.45,604.15,602.38,603.87,595330.0
2024-12-04 00:00:00-05:00,605.74,607.84,604.98,607.62,692429.0
2024-12-05 00:00:00-05:00,607.655,608.45,606.305,606.69,849183.0
2024-12-06 00:00:00-05:00,607.47,609.05,607.02,607.89,734753.0
2024-12-09 00:00:00-05:00,607.59,607.84,604.09,604.65,1070578.0
2024-12-10 00:00:00-05:00,605.36,605.68,602.16,602.9,866800.0
2024-12-11 00:00:00-05:00,605.77,608.395,605.58,607.57,731222.0
2024-12-12 00:00:00-05:00,606.59,607.15,604.39,604.39,758423.0
2024-12-13 00:00:00-05:00,606.35,607.085,602.83,604.26,696804.0
2024-12-16 00:00:00-05:00,606.0,607.775,605.255,606.84,855514.0
2024-12-17 00:00:00-05:00,604.18,605.16,602.89,604.24,1134815.0
2024-12-18 00:00:00-05:00,603.975,606.39,585.9,586.395,1561527.0
2024-12-19 00:00:00-05:00,591.355,593.0,585.965,586.12,1310529.0
2024-12-20 00:00:00-05:00,581.77,595.72,580.94,590.93,1741089.0
2024-12-23 00:00:00-05:00,590.935,591.77,587.76,589.06,94006.0
2024-12-24 00:00:00-05:00,596.11,601.32,595.51,601.14,349441.0
2024-12-26 00:00:00-05:00,599.465,602.46,598.13,601.165,479114.0
2024-12-27 00:00:00-05:00,597.47,597.705,590.83,594.99,1148065.0
2024-12-30 00:00:00-05:00,587.97,591.71,584.45,588.25,679803.0
2024-12-31 00:00:00-05:00,589.99,590.62,584.45,586.07,1216032.0
2025-01-02 00:00:00-05:00,589.39,591.09,580.51,584.62,744108.0
2025-01-03 00:00:00-05:00,587.54,592.58,586.54,591.94,596181.0
2025-01-06 00:00:00-05:00,595.955,599.69,593.72,595.42,787134.0
2025-01-07 00:00:00-05:00,597.435,597.72,586.79,588.73,924580.0
2025-01-08 00:00:00-05:00,588.68,590.54,585.195,589.34,735512.0
2025-01-10 00:00:00-05:00,585.87,585.87,578.57,580.49,1016306.0
2025-01-13 00:00:00-05:00,575.76,581.72,575.48,581.41,717379.0
2025-01-14 00:00:00-05:00,584.34,584.99,578.4,582.2,911647.0
2025-01-15 00:00:00-05:00,590.57,593.94,589.25,592.75,1059949.0
2025-01-16 00:00:00-05:00,594.06,594.34,590.93,591.7,726295.0
2025-01-17 00:00:00-05:00,596.95,599.345,595.725,597.64,822039.0
2025-01-21 00:00:00-05:00,600.79,602.97,598.72,602.92,668452.0
2025-01-22 00:00:00-05:00,605.93,607.82,605.37,606.33,806468.0
2025-01-23 00:00:00-05:00,605.79,609.63,605.555,609.63,678720.0
2025-01-24 00:00:00-05:00,609.795,610.77,606.82,607.92,736956.0
2025-01-27 00:00:00-05:00,594.82,599.64,594.68,599.49,1204513.0
2025-01-28 00:00:00-05:00,600.71,605.37,597.36,604.5,836062.0
2025-01-29 00:00:00-05:00,603.715,604.1,599.27,601.82,693842.0
2025-01-30 00:00:00-05:00,604.035,606.59,600.81,604.78,884764.0
2025-01-31 00:00:00-05:00,607.5,609.945,601.075,601.785,1086481.0
2025-02-03 00:00:00-05:00,592.51,600.28,590.49,597.7,1473509.0
2025-02-04 00:00:00-05:00,597.635,602.26,597.31,601.74,760544.0
2025-02-05 00:00:00-05:00,600.625,604.36,598.635,604.14,735756.0
2025-02-06 00:00:00-05:00,605.99,606.42,602.63,606.24,683777.0
2025-02-07 00:00:00-05:00,606.84,608.095,600.095,600.825,685825.0
2025-02-10 00:00:00-05:00,604.02,605.49,602.74,604.84,541655.0
2025-02-11 00:00:00-05:00,602.56,605.85,602.47,605.23,634394.0
2025-02-12 00:00:00-05:00,599.215,604.53,598.53,603.28,877172.0
2025-02-13 00:00:00-05:00,604.49,609.93,603.24,609.69,798986.0
2025-02-14 00:00:00-05:00,609.94,610.98,609.08,609.57,667639.0
2025-02-18 00:00:00-05:00,610.885,611.36,608.415,611.36,555308.0
2025-02-19 00:00:00-05:00,610.055,613.22,609.59,612.94,671686.0
2025-02-20 00:00:00-05:00,611.54,611.64,607.07,610.41,733951.0
2025-02-21 00:00:00-05:00,610.21,610.21,599.49,600.02,1223794.0
2025-02-24 00:00:00-05:00,602.015,603.0,596.5,597.22,1180194.0
2025-02-25 00:00:00-05:00,597.13,597.86,589.6,594.31,1368586.0
2025-02-26 00:00:00-05:00,596.02,599.53,591.9,594.49,1049865.0
2025-02-27 00:00:00-05:00,596.88,597.99,584.655,585.03,1335087.0
2025-02-28 00:00:00-05:00,585.36,594.71,582.46,593.895,1490853.0
2025-03-03 00:00:00-05:00,596.18,597.325,579.92,583.94,2034081.0
2025-03-04 00:00:00-05:00,579.71,585.36,572.25,576.88,2371305.0
2025-03-05 00:00:00-05:00,576.65,584.85,573.13,583.02,1211279.0
2025-03-06 00:00:00-05:00,575.485,580.105,570.13,572.73,1476769.0
2025-03-07 00:00:00-05:00,570.905,577.36,565.665,575.76,1350334.0
2025-03-10 00:00:00-04:00,567.59,569.53,555.645,560.81,1820742.0
2025-03-11 00:00:00-04:00,559.27,562.84,552.1,556.08,1587148.0
2025-03-12 00:00:00-04:00,562.19,563.065,553.74,558.92,1132263.0
2025-03-13 00:00:00-04:00,558.395,559.025,549.76,551.6,1018954.0
2025-03-14 00:00:00-04:00,556.13,563.815,555.62,562.78,1296759.0
2025-03-17 00:00:00-04:00,562.815,569.695,562.43,567.02,1140417.0
2025-03-18 00:00:00-04:00,564.79,564.79,559.1,560.92,984856.0
2025-03-19 00:00:00-04:00,562.83,570.88,561.64,567.0,1007580.0
2025-03-20 00:00:00-04:00,563.135,570.55,562.69,565.69,774123.0
2025-03-21 00:00:00-04:00,559.21,564.855,558.08,564.17,924605.0
2025-03-24 00:00:00-04:00,570.76,575.125,570.29,574.02,1028407.0
2025-03-25 00:00:00-04:00,575.4,576.35,573.73,575.405,674306.0
2025-03-26 00:00:00-04:00,575.205,576.21,567.205,568.75,831506.0
2025-03-27 00:00:00-04:00,567.185,570.89,565.01,567.03,1047705.0
2025-03-28 00:00:00-04:00,565.375,566.26,555.09,555.7,1260717.0
2025-03-31 00:00:00-04:00,549.83,560.69,546.95,559.26,1468993.0
2025-04-01 00:00:00-04:00,557.45,562.88,553.69,561.1,1076799.0
2025-04-02 00:00:00-04:00,555.08,567.37,554.845,564.63,1048952.0
2025-04-03 00:00:00-04:00,545.13,547.95,536.91,537.3,2350996.0
2025-04-04 00:00:00-04:00,523.64,525.86,505.08,505.93,3094459.0
2025-04-07 00:00:00-04:00,489.14,523.04,481.83,504.45,3577704.0
2025-04-08 00:00:00-04:00,521.95,524.98,489.28,496.6,3104777.0
2025-04-09 00:00:00-04:00,494.72,546.28,493.08,542.955,3649876.0
2025-04-10 00:00:00-04:00,532.18,533.26,509.77,524.63,2645963.0
2025-04-11 00:00:00-04:00,522.99,536.42,520.07,534.0,1427501.0
2025-04-14 00:00:00-04:00,544.055,544.055,533.95,538.98,1116526.0
2025-04-15 00:00:00-04:00,539.67,543.19,536.89,537.64,902820.0
2025-04-16 00:00:00-04:00,531.645,535.07,520.32,525.73,1548125.0
2025-04-17 00:00:00-04:00,527.53,531.15,523.93,526.34,1001155.0
2025-04-21 00:00:00-04:00,521.19,521.64,508.46,513.96,1160426.0
2025-04-22 00:00:00-04:00,520.18,529.305,519.2,526.95,1403050.0
2025-04-23 00:00:00-04:00,540.45,545.29,533.9,535.29,1389218.0
2025-04-24 00:00:00-04:00,536.69,547.2,535.6,546.44,1150893.0
2025-04-25 00:00:00-04:00,547.32,550.98,543.78,550.55,1160843.0
2025-04-28 00:00:00-04:00,551.26,553.535,545.09,551.07,775242.0
2025-04-29 00:00:00-04:00,548.89,555.405,548.89,554.09,818179.0
2025-04-30 00:00:00-04:00,547.53,556.42,541.53,554.02,1219007.0
2025-05-01 00:00:00-04:00,560.41,563.995,557.88,558.4,945185.0
2025-05-02 00:00:00-04:00,564.74,568.35,562.4,566.56,1220035.0
2025-05-05 00:00:00-04:00,562.6,566.65,561.74,563.57,817825.0
2025-05-06 00:00:00-04:00,557.935,563.32,556.98,558.73,916763.0
2025-05-07 00:00:00-04:00,560.2,563.77,556.05,561.19,1044086.0
2025-05-08 00:00:00-04:00,565.28,570.29,561.72,564.97,1328826.0
2025-05-09 00:00:00-04:00,566.49,567.455,562.87,564.14,592738.0
2025-05-12 00:00:00-04:00,581.475,583.0,577.12,582.93,1353696.0
2025-05-13 00:00:00-04:00,583.46,589.04,582.905,586.76,888874.0
2025-05-14 00:00:00-04:00,587.83,588.965,585.545,587.45,974895.0
2025-05-15 00:00:00-04:00,585.58,590.94,585.1,590.41,1140264.0
2025-05-16 00:00:00-04:00,591.27,594.45,589.31,594.28,803596.0
2025-05-19 00:00:00-04:00,588.15,595.53,588.15,594.88,786544.0
2025-05-20 00:00:00-04:00,593.105,594.005,589.62,592.88,788847.0
2025-05-21 00:00:00-04:00,588.58,592.55,581.865,582.96,1970872.0
2025-05-22 00:00:00-04:00,582.655,586.61,581.49,583.06,1505879.0
2025-05-23 00:00:00-04:00,575.87,581.77,575.65,579.2,1589824.0
2025-05-27 00:00:00-04:00,586.09,591.29,584.47,591.06,1414236.0
2025-05-28 00:00:00-04:00,591.575,592.76,587.0,587.8,1125721.0
2025-05-29 00:00:00-04:00,593.1,593.1,586.26,589.95,1244862.0
2025-05-30 00:00:00-04:00,588.96,591.115,583.265,589.3,1732363.0
2025-06-02 00:00:00-04:00,587.76,592.79,585.1,592.79,1417425.0
2025-06-03 00:00:00-04:00,592.43,597.07,591.86,596.12,1206006.0
2025-06-04 00:00:00-04:00,596.985,597.92,595.56,595.98,963574.0
2025-06-05 00:00:00-04:00,597.66,598.93,591.07,593.08,1880521.0
2025-06-06 00:00:00-04:00,598.62,600.82,596.91,598.975,1317382.0
2025-06-09 00:00:00-04:00,599.75,601.25,598.52,599.43,745570.0
2025-06-10 00:00:00-04:00,600.335,603.465,599.15,603.1,954803.0
2025-06-11 00:00:00-04:00,604.18,605.04,599.275,601.59,1048022.0
2025-06-12 00:00:00-04:00,600.02,603.72,599.57,603.72,824021.0
2025-06-13 00:00:00-04:00,598.54,601.84,595.52,596.78,1120893.0
2025-06-16 00:00:00-04:00,600.43,604.45,600.24,602.705,1279004.0
2025-06-17 00:00:00-04:00,600.22,601.72,596.79,597.6,1203599.0
2025-06-18 00:00:00-04:00,598.405,601.21,596.5,597.52,1160837.0
2025-06-20 00:00:00-04:00,598.385,599.44,592.9,594.18,1141672.0
2025-06-23 00:00:00-04:00,595.07,600.53,591.91,600.08,1198286.0
2025-06-24 00:00:00-04:00,604.325,607.835,603.52,606.75,1154849.0
2025-06-25 00:00:00-04:00,607.91,608.45,605.73,607.2,1108399.0
2025-06-26 00:00:00-04:00,609.02,612.31,608.39,611.91,1338082.0
2025-06-27 00:00:00-04:00,612.895,616.39,610.9,614.83,1601093.0
2025-06-30 00:00:00-04:00,617.4,619.2,615.04,617.83,1848972.0
2025-07-01 00:00:00-04:00,616.395,618.81,615.56,617.64,1111353.0
2025-07-02 00:00:00-04:00,617.29,620.47,616.64,620.425,1217070.0
2025-07-03 00:00:00-04:00,622.47,626.26,622.46,625.41,745013.0
2025-07-07 00:00:00-04:00,623.33,623.99,617.89,620.99,1106758.0
2025-07-08 00:00:00-04:00,621.29,622.1,619.59,620.285,1175040.0
2025-07-09 00:00:00-04:00,622.73,624.71,620.92,624.035,1426465.0
2025-07-10 00:00:00-04:00,624.22,626.87,623.04,625.955,1227230.0
2025-07-11 00:00:00-04:00,622.73,624.85,621.55,623.64,1267770.0
2025-07-14 00:00:00-04:00,623.13,625.105,621.81,624.71,789601.0
2025-07-15 00:00:00-04:00,627.53,627.855,622.08,622.19,1236356.0
2025-07-16 00:00:00-04:00,623.71,624.72,618.06,624.23,1452936.0
2025-07-17 00:00:00-04:00,624.32,628.4,624.21,627.98,1480188.0
2025-07-18 00:00:00-04:00,629.25,629.305,626.47,627.59,1096240.0
2025-07-21 00:00:00-04:00,628.76,631.52,628.345,628.73,1132745.0
2025-07-22 00:00:00-04:00,628.975,629.62,626.195,628.78,1155033.0
2025-07-23 00:00:00-04:00,631.54,634.16,629.755,634.16,1122298.0
2025-07-24 00:00:00-04:00,634.61,636.105,634.03,634.49,1163452.0
2025-07-25 00:00:00-04:00,635.13,637.575,634.895,637.02,1185831.0
2025-07-28 00:00:00-04:00,637.465,638.02,635.55,636.95,1204387.0
2025-07-29 00:00:00-04:00,638.35,638.63,634.365,635.26,936389.0
2025-07-30 00:00:00-04:00,636.0,637.63,631.63,634.56,1379785.0
2025-07-31 00:00:00-04:00,639.46,639.84,630.78,631.9,1442218.0
2025-08-01 00:00:00-04:00,626.33,626.33,619.31,621.74,2811106.0
2025-08-04 00:00:00-04:00,625.72,631.19,625.6,631.07,1152237.0
2025-08-05 00:00:00-04:00,631.79,632.6,627.065,628.025,971663.0
2025-08-06 00:00:00-04:00,629.06,633.41,628.165,632.7,858622.0
2025-08-07 00:00:00-04:00,636.255,636.955,629.195,632.36,1145664.0
2025-08-08 00:00:00-04:00,634.11,637.635,633.78,637.26,839695.0
2025-08-11 00:00:00-04:00,637.51,638.925,634.68,635.86,920276.0
2025-08-12 00:00:00-04:00,638.29,642.84,636.87,642.63,1073890.0
2025-08-13 00:00:00-04:00,644.87,646.15,642.725,644.92,999562.0
2025-08-14 00:00:00-04:00,642.805,645.62,642.36,644.9,695902.0
2025-08-15 00:00:00-04:00,646.06,646.06,642.63,643.52,930641.0
2025-08-18 00:00:00-04:00,642.855,643.91,642.2,643.21,743841.0
2025-08-19 00:00:00-04:00,643.155,644.1,638.53,639.75,1085544.0
2025-08-20 00:00:00-04:00,639.39,639.6,632.96,637.92,1484005.0
2025-08-21 00:00:00-04:00,636.22,637.955,633.87,635.63,748921.0
2025-08-22 00:00:00-04:00,637.755,646.49,637.3,645.31,1552404.0
2025-08-25 00:00:00-04:00,644.01,645.28,642.43,642.55,930938.0
2025-08-26 00:00:00-04:00,642.1,645.51,641.57,645.16,841072.0
2025-08-27 00:00:00-04:00,644.555,647.37,644.46,646.61,983313.0
2025-08-28 00:00:00-04:00,647.165,649.47,645.365,648.94,1274610.0
2025-08-29 00:00:00-04:00,647.455,647.82,643.195,645.03,1567462.0
2025-09-02 00:00:00-04:00,637.5,640.45,634.96,640.4,1128392.0
2025-09-03 00:00:00-04:00,642.78,644.21,640.5,643.605,1261642.0
2025-09-04 00:00:00-04:00,644.43,649.14,643.53,649.02,1525098.0
2025-09-05 00:00:00-04:00,651.455,652.2,643.4,647.22,1502714.0
2025-09-08 00:00:00-04:00,648.645,649.815,647.265,648.78,1164606.0
2025-09-09 00:00:00-04:00,648.945,650.845,647.28,650.26,1066471.0
2025-09-10 00:00:00-04:00,653.625,654.55,650.64,652.28,1367239.0
2025-09-11 00:00:00-04:00,654.25,658.32,653.625,657.55,1799918.0
2025-09-12 00:00:00-04:00,657.59,659.08,656.93,657.535,1822008.0
2025-09-15 00:00:00-04:00,659.58,660.995,659.38,660.85,1240180.0
2025-09-16 00:00:00-04:00,661.47,661.7,659.23,659.93,1249852.0
2025-09-17 00:00:00-04:00,660.04,661.68,654.33,659.36,1554851.0
2025-09-18 00:00:00-04:00,661.9,664.88,660.29,662.26,1602411.0
2025-09-19 00:00:00-04:00,662.305,664.55,660.37,663.54,1981962.0
2025-09-22 00:00:00-04:00,662.21,667.28,662.205,666.77,1670891.0
2025-09-23 00:00:00-04:00,666.73,667.34,662.0,663.26,1612174.0
2025-09-24 00:00:00-04:00,664.48,664.575,659.685,661.07,1262284.0
2025-09-25 00:00:00-04:00,657.93,659.39,654.42,657.79,1323167.0
2025-09-26 00:00:00-04:00,659.505,662.35,657.93,661.775,1232100.0
2025-09-29 00:00:00-04:00,664.375,665.17,661.89,663.65,1550736.0
2025-09-30 00:00:00-04:00,662.91,666.65,661.625,666.06,1435659.0
2025-10-01 00:00:00-04:00,663.195,669.37,663.09,668.535,1375663.0
2025-10-02 00:00:00-04:00,670.455,670.55,666.815,669.15,1276773.0
2025-10-03 00:00:00-04:00,670.005,672.66,668.17,669.21,1396816.0
2025-10-06 00:00:00-04:00,671.625,672.5,669.48,671.585,1210989.0
2025-10-07 00:00:00-04:00,672.55,672.99,667.695,669.14,1359694.0
2025-10-08 00:00:00-04:00,670.285,673.17,669.5,673.06,1039092.0
2025-10-09 00:00:00-04:00,673.52,673.93,669.23,671.19,1059480.0
2025-10-10 00:00:00-04:00,672.145,673.89,652.87,653.275,2226230.0
2025-10-13 00:00:00-04:00,660.695,664.6,659.8,663.065,1395785.0
2025-10-14 00:00:00-04:00,657.17,665.79,653.24,662.255,1403065.0
2025-10-15 00:00:00-04:00,666.775,670.2,658.99,665.08,1369827.0
2025-10-16 00:00:00-04:00,666.835,668.62,657.18,660.79,1654772.0
2025-10-17 00:00:00-04:00,659.53,665.74,658.18,664.3,1179391.0
2025-10-20 00:00:00-04:00,667.305,672.2,667.3,671.27,995461.0
2025-10-21 00:00:00-04:00,671.35,672.99,670.0,671.26,1009506.0
2025-10-22 00:00:00-04:00,671.68,671.8,663.39,667.82,1017536.0
2025-10-23 00:00:00-04:00,668.12,672.71,667.88,671.525,1075599.0
2025-10-24 00:00:00-04:00,676.425,678.47,675.68,677.1,1158020.0
2025-10-27 00:00:00-04:00,682.72,685.54,682.115,685.215,1414474.0
2025-10-28 00:00:00-04:00,687.04,688.905,684.865,686.97,1318898.0
2025-10-29 00:00:00-04:00,688.72,689.69,682.91,687.315,1820620.0
2025-10-30 00:00:00-04:00,683.68,685.935,679.885,680.1,1168362.0
2025-10-31 00:00:00-04:00,684.98,685.065,679.29,682.03,1444709.0
2025-11-03 00:00:00-05:00,685.67,685.77,679.97,683.37,968746.0
2025-11-04 00:00:00-05:00,676.08,679.95,674.59,675.31,1579563.0
2025-11-05 00:00:00-05:00,674.955,680.85,674.22,677.49,1164923.0
2025-11-06 00:00:00-05:00,676.535,677.35,668.77,670.24,1603634.0
2025-11-07 00:00:00-05:00,667.885,671.06,661.24,670.92,1894028.0
2025-11-10 00:00:00-05:00,677.24,682.17,675.14,681.31,1437682.0
2025-11-11 00:00:00-05:00,679.945,683.56,678.75,682.9,943641.0
2025-11-12 00:00:00-05:00,684.84,684.95,680.98,683.32,1286225.0
2025-11-13 00:00:00-05:00,680.495,680.85,670.54,672.07,1686978.0
2025-11-14 00:00:00-05:00,665.36,675.655,663.28,671.935,1363032.0
2025-11-17 00:00:00-05:00,669.655,673.68,662.2,665.72,1439197.0
2025-11-18 00:00:00-05:00,661.925,665.06,655.91,660.16,2245731.0
2025-11-19 00:00:00-05:00,660.78,667.34,658.77,662.68,1471719.0
2025-11-20 00:00:00-05:00,672.945,675.54,651.89,652.42,3199694.0
2025-11-21 00:00:00-05:00,654.72,664.52,650.86,659.15,1680117.0
2025-11-24 00:00:00-05:00,662.645,670.045,661.64,668.82,1284399.0
2025-11-25 00:00:00-05:00,668.625,676.19,664.52,675.0,895760.0
2025-11-26 00:00:00-05:00,677.625,681.69,676.81,679.64,780390.0
2025-11-28 00:00:00-05:00,680.88,683.645,680.555,683.36,698369.0
2025-12-01 00:00:00-05:00,678.825,682.99,678.74,680.255,1011551.0
2025-12-02 00:00:00-05:00,681.82,683.82,679.39,681.44,770220.0
2025-12-03 00:00:00-05:00,680.56,684.9,679.74,683.81,808176.0
2025-12-04 00:00:00-05:00,685.3,685.32,681.4,684.495,728020.0
2025-12-05 00:00:00-05:00,685.48,688.385,684.59,685.62,901415.0
2025-12-08 00:00:00-05:00,686.46,686.59,681.59,683.68,946326.0
2025-12-09 00:00:00-05:00,683.11,685.37,682.62,683.03,1073483.0
2025-12-10 00:00:00-05:00,682.525,688.96,681.32,687.59,1579236.0
2025-12-11 00:00:00-05:00,685.14,689.23,682.31,689.15,1239671.0
2025-12-12 00:00:00-05:00,688.185,688.865,679.18,681.8,1269024.0
2025-12-15 00:00:00-05:00,685.745,685.745,679.28,680.715,1203309.0
2025-12-16 00:00:00-05:00,679.09,681.04,675.01,678.86,1592313.0
2025-12-17 00:00:00-05:00,679.77,680.385,671.2,671.43,1053974.0
2025-12-18 00:00:00-05:00,677.59,680.7,674.91,676.515,1343555.0
2025-12-19 00:00:00-05:00,676.61,681.09,676.475,680.52,1591366.0
2025-12-22 00:00:00-05:00,683.925,685.3,682.715,684.71,1100367.0
2025-12-23 00:00:00-05:00,683.895,688.19,683.88,687.91,910769.0
2025-12-24 00:00:00-05:00,687.92,690.82,687.83,690.27,508573.0
2025-12-26 00:00:00-05:00,690.555,691.615,689.34,690.26,475363.0
2025-12-29 00:00:00-05:00,687.565,689.18,686.1,687.975,994838.0
2025-12-30 00:00:00-05:00,687.43,688.55,686.58,686.93,1056176.0
2025-12-31 00:00:00-05:00,687.145,687.35,681.72,681.82,1205920.0
2026-01-02 00:00:00-05:00,685.51,686.87,679.88,683.33,1049269.0
2026-01-05 00:00:00-05:00,686.51,689.43,686.385,687.73,1228667.0
2026-01-06 00:00:00-05:00,687.92,692.3,687.8,691.81,1513700.0
2026-01-07 00:00:00-05:00,692.185,693.95,689.35,689.64,1472466.0
2026-01-08 00:00:00-05:00,688.795,690.59,687.495,689.44,1531855.0
2026-01-09 00:00:00-05:00,690.6,695.295,689.21,694.005,1619127.0
2026-01-12 00:00:00-05:00,690.68,696.07,690.68,695.185,1379119.0
2026-01-13 00:00:00-05:00,695.44,696.08,691.4,693.71,1516329.0
2026-01-14 00:00:00-05:00,690.9,691.68,686.17,690.62,1623287.0
2026-01-15 00:00:00-05:00,694.6,695.44,691.28,692.18,1763355.0
2026-01-16 00:00:00-05:00,693.68,694.23,690.13,691.58,1267886.0
2026-01-20 00:00:00-05:00,681.52,684.74,676.58,677.66,1121802.0
2026-01-21 00:00:00-05:00,679.35,688.725,678.165,685.34,2214904.0
2026-01-22 00:00:00-05:00,689.85,691.08,686.94,688.96,979114.0
2026-01-23 00:00:00-05:00,688.1,690.955,687.18,689.2,1105712.0
2026-01-26 00:00:00-05:00,690.485,694.12,689.95,692.755,1235263.0
2026-01-27 00:00:00-05:00,694.15,696.515,693.58,695.53,1298406.0
2026-01-28 00:00:00-05:00,697.02,697.825,694.16,695.39,915857.0
2026-01-29 00:00:00-05:00,696.345,697.06,684.85,693.965,1448351.0
2026-01-30 00:00:00-05:00,691.84,694.17,687.17,691.8,1391309.0
2026-02-02 00:00:00-05:00,689.62,696.93,689.445,695.39,1805145.0
2026-02-03 00:00:00-05:00,696.225,696.945,684.035,689.435,1826631.0
2026-02-04 00:00:00-05:00,690.29,691.4,681.78,686.1,1834820.0
2026-02-05 00:00:00-05:00,680.78,683.64,675.81,677.44,1556860.0
2026-02-06 00:00:00-05:00,681.435,692.29,681.14,690.72,1801352.0
2026-02-09 00:00:00-05:00,689.47,695.855,688.39,694.0,1039359.0
2026-02-10 00:00:00-05:00,694.91,696.53,691.66,692.11,1087464.0
2026-02-11 00:00:00-05:00,696.435,697.08,689.22,691.81,1054954.0
2026-02-12 00:00:00-05:00,694.23,695.34,680.4,681.19,1558444.0
2026-02-13 00:00:00-05:00,681.695,686.26,677.53,681.61,1893959.0
2026-02-17 00:00:00-05:00,680.15,684.92,675.79,682.76,962881.0
2026-02-18 00:00:00-05:00,683.87,689.14,682.87,686.19,1657083.0
2026-02-19 00:00:00-05:00,683.85,686.135,681.59,684.505,1404841.0
2026-02-20 00:00:00-05:00,682.23,690.06,681.865,689.44,1325238.0
2026-02-23 00:00:00-05:00,687.805,690.0,680.385,682.39,1548756.0
2026-02-24 00:00:00-05:00,681.52,688.325,680.0,687.37,1287317.0
2026-02-25 00:00:00-05:00,690.14,693.66,690.14,693.1,711288.0
2026-02-26 00:00:00-05:00,693.12,693.175,684.37,689.32,1078975.0
2026-02-27 00:00:00-05:00,682.995,686.85,681.66,686.16,2640484.0
2026-03-02 00:00:00-05:00,678.73,688.59,678.03,686.35,2232660.0
2026-03-03 00:00:00-05:00,675.03,682.58,669.675,680.29,3334744.0
2026-03-04 00:00:00-05:00,681.69,687.085,679.63,685.13,2450782.0
2026-03-05 00:00:00-05:00,682.09,685.51,675.63,681.405,1852096.0
2026-03-06 00:00:00-05:00,673.41,676.1,669.78,672.44,1731167.0
2026-03-09 00:00:00-04:00,666.38,679.88,662.42,678.3,2019689.0
2026-03-10 00:00:00-04:00,677.68,683.33,674.81,677.13,1327363.0
2026-03-11 00:00:00-04:00,677.68,680.06,673.36,676.34,855049.0
2026-03-12 00:00:00-04:00,671.115,671.63,665.91,666.05,1851720.0
2026-03-13 00:00:00-04:00,669.24,672.335,661.37,662.3,1905066.0
2026-03-16 00:00:00-04:00,668.41,672.05,667.16,668.97,2121754.0
2026-03-17 00:00:00-04:00,672.375,674.4,670.09,670.75,1035443.0
2026-03-18 00:00:00-04:00,668.35,669.65,661.23,661.54,1836272.0
2026-03-19 00:00:00-04:00,656.63,662.93,655.2,659.87,1086895.0
2026-03-20 00:00:00-04:00,656.495,656.65,644.75,648.48,2140888.0
2026-03-23 00:00:00-04:00,658.06,662.605,653.94,655.37,2318783.0
2026-03-24 00:00:00-04:00,651.295,657.03,649.92,653.2,1746221.0
2026-03-25 00:00:00-04:00,658.665,660.83,654.27,656.74,1379333.0
2026-03-26 00:00:00-04:00,652.02,654.82,644.83,645.11,901469.0
2026-03-27 00:00:00-04:00,642.475,642.61,633.105,634.04,1640085.0
2026-03-30 00:00:00-04:00,639.86,640.28,629.29,632.02,1812294.0
2026-03-31 00:00:00-04:00,638.905,651.5,638.01,650.12,2822238.0
2026-04-01 00:00:00-04:00,654.08,658.52,653.0,655.18,1543102.0
2026-04-02 00:00:00-04:00,646.425,658.1,645.13,655.76,1505269.0
2026-04-06 00:00:00-04:00,655.9,659.4,655.52,658.885,1239157.0
2026-04-07 00:00:00-04:00,656.85,659.54,651.06,659.23,1811115.0
2026-04-08 00:00:00-04:00,676.4,677.06,671.55,676.0,2148131.0
2026-04-09 00:00:00-04:00,674.98,681.1,673.8,679.87,1394539.0
2026-04-10 00:00:00-04:00,681.305,682.03,678.47,679.35,959465.0
2026-04-13 00:00:00-04:00,677.58,686.28,676.67,686.0,1331996.0
2026-04-14 00:00:00-04:00,687.72,694.58,687.715,694.36,1574586.0
2026-04-15 00:00:00-04:00,695.51,700.28,694.3,699.75,1665266.0
2026-04-16 00:00:00-04:00,701.075,702.78,698.54,701.53,1394612.0
2026-04-17 00:00:00-04:00,706.26,712.345,705.8,710.06,1314488.0
2026-04-20 00:00:00-04:00,708.87,709.905,706.15,708.79,981019.0
2026-04-21 00:00:00-04:00,710.165,711.25,702.67,703.91,1279763.0
2026-04-22 00:00:00-04:00,709.14,711.44,708.23,711.2,1108252.0
2026-04-23 00:00:00-04:00,709.37,712.35,702.34,708.41,1469729.0
2026-04-24 00:00:00-04:00,710.755,714.46,709.02,713.97,1063040.0
2026-04-27 00:00:00-04:00,713.18,715.59,712.33,715.165,1329665.0
2026-04-28 00:00:00-04:00,711.75,712.88,709.27,711.68,1225364.0
2026-04-29 00:00:00-04:00,710.98,712.19,708.435,711.59,889917.0
2026-04-30 00:00:00-04:00,714.67,719.71,710.465,718.41,1976926.0
2026-05-01 00:00:00-04:00,721.245,724.85,720.485,720.49,1437357.0
2026-05-04 00:00:00-04:00,720.03,722.12,715.01,718.09,1078626.0
2026-05-05 00:00:00-04:00,721.81,725.03,721.58,723.71,1288729.0
2026-05-06 00:00:00-04:00,728.055,734.59,727.82,733.77,1751660.0
2026-05-07 00:00:00-04:00,735.065,736.1,729.75,731.53,1252417.0
2026-05-08 00:00:00-04:00,734.975,737.52,734.6,737.13,487874.0
